PRAGMA foreign_keys=OFF;
BEGIN TRANSACTION;
CREATE TABLE IF NOT EXISTS "django_migrations" ("id" integer NOT NULL PRIMARY KEY AUTOINCREMENT, "app" varchar(255) NOT NULL, "name" varchar(255) NOT NULL, "applied" datetime NOT NULL);
INSERT INTO django_migrations VALUES(1,'contenttypes','0001_initial','2026-05-10 14:32:48.553571');
INSERT INTO django_migrations VALUES(2,'auth','0001_initial','2026-05-10 14:32:48.567155');
INSERT INTO django_migrations VALUES(3,'admin','0001_initial','2026-05-10 14:32:48.576665');
INSERT INTO django_migrations VALUES(4,'admin','0002_logentry_remove_auto_add','2026-05-10 14:32:48.607088');
INSERT INTO django_migrations VALUES(5,'admin','0003_logentry_add_action_flag_choices','2026-05-10 14:32:48.614243');
INSERT INTO django_migrations VALUES(6,'contenttypes','0002_remove_content_type_name','2026-05-10 14:32:48.633271');
INSERT INTO django_migrations VALUES(7,'auth','0002_alter_permission_name_max_length','2026-05-10 14:32:48.645352');
INSERT INTO django_migrations VALUES(8,'auth','0003_alter_user_email_max_length','2026-05-10 14:32:48.656820');
INSERT INTO django_migrations VALUES(9,'auth','0004_alter_user_username_opts','2026-05-10 14:32:48.665166');
INSERT INTO django_migrations VALUES(10,'auth','0005_alter_user_last_login_null','2026-05-10 14:32:48.675552');
INSERT INTO django_migrations VALUES(11,'auth','0006_require_contenttypes_0002','2026-05-10 14:32:48.679461');
INSERT INTO django_migrations VALUES(12,'auth','0007_alter_validators_add_error_messages','2026-05-10 14:32:48.688860');
INSERT INTO django_migrations VALUES(13,'auth','0008_alter_user_username_max_length','2026-05-10 14:32:48.697820');
INSERT INTO django_migrations VALUES(14,'auth','0009_alter_user_last_name_max_length','2026-05-10 14:32:48.705830');
INSERT INTO django_migrations VALUES(15,'auth','0010_alter_group_name_max_length','2026-05-10 14:32:48.713469');
INSERT INTO django_migrations VALUES(16,'auth','0011_update_proxy_permissions','2026-05-10 14:32:48.720917');
INSERT INTO django_migrations VALUES(17,'auth','0012_alter_user_first_name_max_length','2026-05-10 14:32:48.729085');
INSERT INTO django_migrations VALUES(18,'cards','0001_initial','2026-05-10 14:32:48.768715');
INSERT INTO django_migrations VALUES(19,'sessions','0001_initial','2026-05-10 14:32:48.774865');
INSERT INTO django_migrations VALUES(20,'cards','0002_attack_damage','2026-05-10 15:20:31.963206');
CREATE TABLE IF NOT EXISTS "auth_group_permissions" ("id" integer NOT NULL PRIMARY KEY AUTOINCREMENT, "group_id" integer NOT NULL REFERENCES "auth_group" ("id") DEFERRABLE INITIALLY DEFERRED, "permission_id" integer NOT NULL REFERENCES "auth_permission" ("id") DEFERRABLE INITIALLY DEFERRED);
CREATE TABLE IF NOT EXISTS "auth_user_groups" ("id" integer NOT NULL PRIMARY KEY AUTOINCREMENT, "user_id" integer NOT NULL REFERENCES "auth_user" ("id") DEFERRABLE INITIALLY DEFERRED, "group_id" integer NOT NULL REFERENCES "auth_group" ("id") DEFERRABLE INITIALLY DEFERRED);
CREATE TABLE IF NOT EXISTS "auth_user_user_permissions" ("id" integer NOT NULL PRIMARY KEY AUTOINCREMENT, "user_id" integer NOT NULL REFERENCES "auth_user" ("id") DEFERRABLE INITIALLY DEFERRED, "permission_id" integer NOT NULL REFERENCES "auth_permission" ("id") DEFERRABLE INITIALLY DEFERRED);
CREATE TABLE IF NOT EXISTS "django_admin_log" ("id" integer NOT NULL PRIMARY KEY AUTOINCREMENT, "object_id" text NULL, "object_repr" varchar(200) NOT NULL, "action_flag" smallint unsigned NOT NULL CHECK ("action_flag" >= 0), "change_message" text NOT NULL, "content_type_id" integer NULL REFERENCES "django_content_type" ("id") DEFERRABLE INITIALLY DEFERRED, "user_id" integer NOT NULL REFERENCES "auth_user" ("id") DEFERRABLE INITIALLY DEFERRED, "action_time" datetime NOT NULL);
CREATE TABLE IF NOT EXISTS "django_content_type" ("id" integer NOT NULL PRIMARY KEY AUTOINCREMENT, "app_label" varchar(100) NOT NULL, "model" varchar(100) NOT NULL);
INSERT INTO django_content_type VALUES(1,'admin','logentry');
INSERT INTO django_content_type VALUES(2,'auth','permission');
INSERT INTO django_content_type VALUES(3,'auth','group');
INSERT INTO django_content_type VALUES(4,'auth','user');
INSERT INTO django_content_type VALUES(5,'contenttypes','contenttype');
INSERT INTO django_content_type VALUES(6,'sessions','session');
INSERT INTO django_content_type VALUES(7,'cards','card');
INSERT INTO django_content_type VALUES(8,'cards','cardset');
INSERT INTO django_content_type VALUES(9,'cards','type');
INSERT INTO django_content_type VALUES(10,'cards','attack');
INSERT INTO django_content_type VALUES(11,'cards','price');
INSERT INTO django_content_type VALUES(12,'cards','resistance');
INSERT INTO django_content_type VALUES(13,'cards','cardtype');
INSERT INTO django_content_type VALUES(14,'cards','weakness');
CREATE TABLE IF NOT EXISTS "auth_permission" ("id" integer NOT NULL PRIMARY KEY AUTOINCREMENT, "content_type_id" integer NOT NULL REFERENCES "django_content_type" ("id") DEFERRABLE INITIALLY DEFERRED, "codename" varchar(100) NOT NULL, "name" varchar(255) NOT NULL);
INSERT INTO auth_permission VALUES(1,1,'add_logentry','Can add log entry');
INSERT INTO auth_permission VALUES(2,1,'change_logentry','Can change log entry');
INSERT INTO auth_permission VALUES(3,1,'delete_logentry','Can delete log entry');
INSERT INTO auth_permission VALUES(4,1,'view_logentry','Can view log entry');
INSERT INTO auth_permission VALUES(5,2,'add_permission','Can add permission');
INSERT INTO auth_permission VALUES(6,2,'change_permission','Can change permission');
INSERT INTO auth_permission VALUES(7,2,'delete_permission','Can delete permission');
INSERT INTO auth_permission VALUES(8,2,'view_permission','Can view permission');
INSERT INTO auth_permission VALUES(9,3,'add_group','Can add group');
INSERT INTO auth_permission VALUES(10,3,'change_group','Can change group');
INSERT INTO auth_permission VALUES(11,3,'delete_group','Can delete group');
INSERT INTO auth_permission VALUES(12,3,'view_group','Can view group');
INSERT INTO auth_permission VALUES(13,4,'add_user','Can add user');
INSERT INTO auth_permission VALUES(14,4,'change_user','Can change user');
INSERT INTO auth_permission VALUES(15,4,'delete_user','Can delete user');
INSERT INTO auth_permission VALUES(16,4,'view_user','Can view user');
INSERT INTO auth_permission VALUES(17,5,'add_contenttype','Can add content type');
INSERT INTO auth_permission VALUES(18,5,'change_contenttype','Can change content type');
INSERT INTO auth_permission VALUES(19,5,'delete_contenttype','Can delete content type');
INSERT INTO auth_permission VALUES(20,5,'view_contenttype','Can view content type');
INSERT INTO auth_permission VALUES(21,6,'add_session','Can add session');
INSERT INTO auth_permission VALUES(22,6,'change_session','Can change session');
INSERT INTO auth_permission VALUES(23,6,'delete_session','Can delete session');
INSERT INTO auth_permission VALUES(24,6,'view_session','Can view session');
INSERT INTO auth_permission VALUES(25,7,'add_card','Can add card');
INSERT INTO auth_permission VALUES(26,7,'change_card','Can change card');
INSERT INTO auth_permission VALUES(27,7,'delete_card','Can delete card');
INSERT INTO auth_permission VALUES(28,7,'view_card','Can view card');
INSERT INTO auth_permission VALUES(29,8,'add_cardset','Can add Set');
INSERT INTO auth_permission VALUES(30,8,'change_cardset','Can change Set');
INSERT INTO auth_permission VALUES(31,8,'delete_cardset','Can delete Set');
INSERT INTO auth_permission VALUES(32,8,'view_cardset','Can view Set');
INSERT INTO auth_permission VALUES(33,9,'add_type','Can add type');
INSERT INTO auth_permission VALUES(34,9,'change_type','Can change type');
INSERT INTO auth_permission VALUES(35,9,'delete_type','Can delete type');
INSERT INTO auth_permission VALUES(36,9,'view_type','Can view type');
INSERT INTO auth_permission VALUES(37,10,'add_attack','Can add attack');
INSERT INTO auth_permission VALUES(38,10,'change_attack','Can change attack');
INSERT INTO auth_permission VALUES(39,10,'delete_attack','Can delete attack');
INSERT INTO auth_permission VALUES(40,10,'view_attack','Can view attack');
INSERT INTO auth_permission VALUES(41,11,'add_price','Can add price');
INSERT INTO auth_permission VALUES(42,11,'change_price','Can change price');
INSERT INTO auth_permission VALUES(43,11,'delete_price','Can delete price');
INSERT INTO auth_permission VALUES(44,11,'view_price','Can view price');
INSERT INTO auth_permission VALUES(45,12,'add_resistance','Can add resistance');
INSERT INTO auth_permission VALUES(46,12,'change_resistance','Can change resistance');
INSERT INTO auth_permission VALUES(47,12,'delete_resistance','Can delete resistance');
INSERT INTO auth_permission VALUES(48,12,'view_resistance','Can view resistance');
INSERT INTO auth_permission VALUES(49,13,'add_cardtype','Can add card type');
INSERT INTO auth_permission VALUES(50,13,'change_cardtype','Can change card type');
INSERT INTO auth_permission VALUES(51,13,'delete_cardtype','Can delete card type');
INSERT INTO auth_permission VALUES(52,13,'view_cardtype','Can view card type');
INSERT INTO auth_permission VALUES(53,14,'add_weakness','Can add weakness');
INSERT INTO auth_permission VALUES(54,14,'change_weakness','Can change weakness');
INSERT INTO auth_permission VALUES(55,14,'delete_weakness','Can delete weakness');
INSERT INTO auth_permission VALUES(56,14,'view_weakness','Can view weakness');
CREATE TABLE IF NOT EXISTS "auth_group" ("id" integer NOT NULL PRIMARY KEY AUTOINCREMENT, "name" varchar(150) NOT NULL UNIQUE);
CREATE TABLE IF NOT EXISTS "auth_user" ("id" integer NOT NULL PRIMARY KEY AUTOINCREMENT, "password" varchar(128) NOT NULL, "last_login" datetime NULL, "is_superuser" bool NOT NULL, "username" varchar(150) NOT NULL UNIQUE, "last_name" varchar(150) NOT NULL, "email" varchar(254) NOT NULL, "is_staff" bool NOT NULL, "is_active" bool NOT NULL, "date_joined" datetime NOT NULL, "first_name" varchar(150) NOT NULL);
INSERT INTO auth_user VALUES(1,'pbkdf2_sha256$1000000$1bKXCSHQNGl0vHfcnsIJfv$//CV2pa7DgExv1gWxfPfWDtEqDR95Yi6wL8Hse9yblM=','2026-05-11 06:55:36.848099',1,'admin','','',1,1,'2026-05-11 06:55:26.957366','');
CREATE TABLE IF NOT EXISTS "cards_cardset" ("id" integer NOT NULL PRIMARY KEY AUTOINCREMENT, "set_id" varchar(50) NOT NULL UNIQUE, "name" varchar(200) NOT NULL, "series" varchar(200) NOT NULL, "printed_total" integer NOT NULL, "total" integer NOT NULL, "release_date" datetime NULL, "symbol_url" varchar(200) NOT NULL, "logo_url" varchar(200) NOT NULL);
INSERT INTO cards_cardset VALUES(1,'base1','Base','Base',0,102,'1999-01-09 00:00:00','https://images.pokemontcg.io/base1/symbol.png','https://images.pokemontcg.io/base1/logo.png');
CREATE TABLE IF NOT EXISTS "cards_type" ("id" integer NOT NULL PRIMARY KEY AUTOINCREMENT, "name" varchar(50) NOT NULL UNIQUE);
INSERT INTO cards_type VALUES(1,'Psychic');
INSERT INTO cards_type VALUES(2,'Water');
INSERT INTO cards_type VALUES(3,'Colorless');
INSERT INTO cards_type VALUES(4,'Fire');
INSERT INTO cards_type VALUES(5,'Fighting');
INSERT INTO cards_type VALUES(6,'Lightning');
INSERT INTO cards_type VALUES(7,'Grass');
CREATE TABLE IF NOT EXISTS "cards_price" ("id" integer NOT NULL PRIMARY KEY AUTOINCREMENT, "tcg_low" decimal NULL, "tcg_mid" decimal NULL, "tcg_high" decimal NULL, "tcg_market" decimal NULL, "cm_avg1" decimal NULL, "cm_avg7" decimal NULL, "cm_avg30" decimal NULL, "update_at" date NOT NULL, "card_id" bigint NOT NULL REFERENCES "cards_card" ("id") DEFERRABLE INITIALLY DEFERRED);
INSERT INTO cards_price VALUES(1,3.64000000000000012,5.91000000000000014,69.0300000000000011,6.09999999999999964,5.91000000000000014,7.29999999999999982,7.54999999999999982,'2026-05-10',70);
INSERT INTO cards_price VALUES(2,1,3.49000000000000021,112.459999999999993,3.93000000000000015,7.49000000000000021,10.4199999999999999,20.3099999999999987,'2026-05-10',71);
INSERT INTO cards_price VALUES(3,1.5,4.44000000000000039,9999,4.40000000000000035,9.35999999999999943,6.32000000000000028,6.40000000000000035,'2026-05-10',72);
INSERT INTO cards_price VALUES(4,2.99000000000000021,5.3099999999999996,96.2199999999999988,5.42999999999999971,22,24.9699999999999988,26.3999999999999985,'2026-05-10',73);
INSERT INTO cards_price VALUES(5,5.29000000000000003,8.99000000000000021,89.9899999999999948,8.89000000000000056,4.90000000000000035,8.31000000000000049,8.48000000000000042,'2026-05-10',74);
INSERT INTO cards_price VALUES(6,1,2.39000000000000012,31.6499999999999985,3.41000000000000014,9.94999999999999928,7.66000000000000014,14.8699999999999992,'2026-05-10',75);
INSERT INTO cards_price VALUES(7,3,5.5,114.769999999999996,6.32000000000000028,7.84999999999999964,8.48000000000000042,8.58999999999999985,'2026-05-10',76);
INSERT INTO cards_price VALUES(8,2.5,4.99000000000000021,53.0600000000000022,6.11000000000000032,11.9900000000000002,30.9800000000000004,22.4200000000000017,'2026-05-10',77);
INSERT INTO cards_price VALUES(9,5,8.23000000000000042,96.4599999999999937,7.90000000000000035,19.9899999999999984,27.8500000000000014,19.7899999999999991,'2026-05-10',78);
INSERT INTO cards_price VALUES(10,1.39999999999999991,3.20000000000000017,9999,4.57000000000000028,3,3,3.16999999999999992,'2026-05-10',79);
INSERT INTO cards_price VALUES(11,0.400000000000000022,0.900000000000000022,19.879999999999999,1.57000000000000006,5.99000000000000021,11.9900000000000002,8.73000000000000042,'2026-05-10',80);
INSERT INTO cards_price VALUES(12,0.0800000000000000016,0.5,19.3999999999999985,0.709999999999999964,0.28999999999999998,2.06999999999999984,0.979999999999999982,'2026-05-10',81);
INSERT INTO cards_price VALUES(13,0.149999999999999994,1.09000000000000008,96.9500000000000028,1.8899999999999999,3.99000000000000021,6.15000000000000035,7.58000000000000007,'2026-05-10',82);
INSERT INTO cards_price VALUES(14,0.510000000000000008,1.79000000000000003,5.34999999999999964,3.0299999999999998,3,2.83999999999999985,3.37999999999999989,'2026-05-10',83);
INSERT INTO cards_price VALUES(15,0.200000000000000011,0.520000000000000017,5.70999999999999996,0.839999999999999968,1.25,4.32000000000000028,5.98000000000000042,'2026-05-10',84);
INSERT INTO cards_price VALUES(16,0.400000000000000022,1.11000000000000009,5.32000000000000028,2.16999999999999992,5,5.66999999999999992,10.4600000000000008,'2026-05-10',85);
INSERT INTO cards_price VALUES(17,0.650000000000000022,2.25999999999999978,109.989999999999994,3.79000000000000003,3.10999999999999987,3.25999999999999978,3.14000000000000012,'2026-05-10',86);
INSERT INTO cards_price VALUES(18,0.100000000000000005,0.409999999999999975,64.2900000000000062,0.609999999999999986,0.299999999999999988,0.719999999999999973,0.839999999999999968,'2026-05-10',87);
INSERT INTO cards_price VALUES(19,0.239999999999999991,0.989999999999999991,19.3200000000000002,1.53000000000000002,0.460000000000000019,0.869999999999999995,1.19999999999999995,'2026-05-10',88);
INSERT INTO cards_price VALUES(20,0.5,1.71999999999999997,7.48000000000000042,2.25,29.9499999999999992,19.8200000000000002,14.4399999999999995,'2026-05-10',89);
INSERT INTO cards_price VALUES(21,0.0700000000000000066,0.309999999999999997,42,0.400000000000000022,0.149999999999999994,0.330000000000000015,0.5,'2026-05-10',90);
INSERT INTO cards_price VALUES(22,0.0100000000000000002,0.349999999999999977,44.7999999999999971,0.380000000000000004,2.75,2.68999999999999994,2.70000000000000017,'2026-05-10',91);
INSERT INTO cards_price VALUES(23,0.100000000000000005,0.390000000000000013,501.5,0.489999999999999991,1.73999999999999999,1.72999999999999998,4.8700000000000001,'2026-05-10',92);
INSERT INTO cards_price VALUES(24,0.0100000000000000002,0.320000000000000006,501.5,0.380000000000000004,0.939999999999999946,1.57000000000000006,3.81000000000000005,'2026-05-10',93);
INSERT INTO cards_price VALUES(25,0.0299999999999999988,0.260000000000000008,9999,0.309999999999999997,0.0599999999999999977,0.220000000000000001,0.270000000000000017,'2026-05-10',94);
INSERT INTO cards_price VALUES(27,2.64999999999999991,4.36000000000000032,99.9899999999999948,4.96999999999999975,9.98000000000000042,21.8599999999999994,13.9800000000000004,'2026-05-10',96);
INSERT INTO cards_price VALUES(28,0.0500000000000000027,0.330000000000000015,28.1999999999999992,0.380000000000000004,0.0899999999999999966,0.209999999999999992,0.309999999999999997,'2026-05-10',97);
INSERT INTO cards_price VALUES(29,0.0500000000000000027,0.330000000000000015,19.4600000000000008,0.419999999999999984,0.650000000000000022,2.79999999999999982,2.22999999999999998,'2026-05-10',98);
INSERT INTO cards_price VALUES(30,0.0599999999999999977,0.349999999999999977,44,0.390000000000000013,0.100000000000000005,0.200000000000000011,0.179999999999999993,'2026-05-10',99);
INSERT INTO cards_price VALUES(31,0.0899999999999999966,0.380000000000000004,33.5600000000000022,0.5,2.99000000000000021,3.66999999999999992,2.02000000000000001,'2026-05-10',100);
INSERT INTO cards_price VALUES(32,0.0500000000000000027,0.349999999999999977,19.8999999999999985,0.469999999999999973,0.220000000000000001,0.309999999999999997,0.380000000000000004,'2026-05-10',101);
INSERT INTO cards_price VALUES(33,0.0299999999999999988,0.380000000000000004,9.99000000000000021,0.460000000000000019,0.200000000000000011,0.28999999999999998,0.230000000000000009,'2026-05-10',102);
INSERT INTO cards_price VALUES(34,47.9900000000000019,99.9899999999999948,9999,73.9099999999999965,69.9899999999999948,224.990000000000009,165.650000000000005,'2026-05-10',1);
INSERT INTO cards_price VALUES(35,160,267.990000000000009,1585.0999999999999,210.710000000000007,97.5,99.7399999999999948,117.89,'2026-05-10',2);
INSERT INTO cards_price VALUES(36,27.25,47.7999999999999971,259.699999999999988,50.2400000000000019,47.8299999999999982,31.6900000000000012,35.9099999999999965,'2026-05-10',3);
INSERT INTO cards_price VALUES(37,499,699.990000000000009,1500,561.490000000000009,3100,2410.88999999999987,1814.6400000000001,'2026-05-10',4);
INSERT INTO cards_price VALUES(38,17.9499999999999992,29.9899999999999984,264.25,35.3800000000000025,24.2300000000000004,27.4100000000000001,30.8999999999999985,'2026-05-10',5);
INSERT INTO cards_price VALUES(39,23.4899999999999984,37.5,162.990000000000009,43.4600000000000008,63.5,18.4299999999999997,35.1400000000000005,'2026-05-10',6);
INSERT INTO cards_price VALUES(40,10.5,24.9899999999999984,9999,27.6400000000000005,57.4600000000000008,58.7299999999999968,58.8699999999999974,'2026-05-10',7);
INSERT INTO cards_price VALUES(41,NULL,NULL,NULL,NULL,171.319999999999993,112.829999999999998,83.3599999999999994,'2026-05-10',8);
INSERT INTO cards_price VALUES(42,15.9100000000000001,33.1899999999999977,649.990000000000009,35.2899999999999991,41.8299999999999982,19.4800000000000004,22.4800000000000004,'2026-05-10',9);
INSERT INTO cards_price VALUES(43,39.8999999999999985,76.8499999999999943,500,75.6500000000000056,170,192.860000000000013,237.979999999999989,'2026-05-10',10);
INSERT INTO cards_price VALUES(44,22.3099999999999987,37.3999999999999985,510.800000000000011,39.3699999999999974,64.9899999999999948,96.9899999999999948,96.7199999999999988,'2026-05-10',11);
INSERT INTO cards_price VALUES(45,19,35,9999,37.0700000000000002,25.9800000000000004,20.6499999999999985,25.1200000000000009,'2026-05-10',12);
INSERT INTO cards_price VALUES(46,20,35,9999,32.7299999999999968,9.94999999999999928,32.8900000000000005,33.0399999999999991,'2026-05-10',13);
INSERT INTO cards_price VALUES(47,25.0799999999999982,70.8299999999999982,999.990000000000009,70.519999999999996,130,258.550000000000011,126.829999999999998,'2026-05-10',14);
INSERT INTO cards_price VALUES(48,109.299999999999997,151.990000000000009,1086.07999999999992,151.319999999999993,1060,1091.27999999999997,494.060000000000002,'2026-05-10',15);
INSERT INTO cards_price VALUES(49,39.7000000000000028,46.8400000000000034,139.990000000000009,56.3299999999999982,49.6599999999999965,42.0799999999999982,47.3400000000000034,'2026-05-10',16);
INSERT INTO cards_price VALUES(50,1.25,3.99000000000000021,9999,5.75,14.9900000000000002,16.4100000000000001,24.2199999999999988,'2026-05-10',17);
INSERT INTO cards_price VALUES(51,6.66000000000000014,11.4900000000000002,199.990000000000009,15.5500000000000007,29.9899999999999984,57.0600000000000022,73.5799999999999982,'2026-05-10',18);
INSERT INTO cards_price VALUES(52,3.99000000000000021,7,99.4500000000000028,10.75,7.28000000000000024,9.97000000000000064,11.4600000000000008,'2026-05-10',19);
INSERT INTO cards_price VALUES(53,4.29000000000000003,8.69999999999999929,96.5300000000000011,15.0399999999999991,4.08000000000000007,9.83999999999999985,10.7100000000000008,'2026-05-10',20);
INSERT INTO cards_price VALUES(54,2.97999999999999998,4.5,9999,8.06000000000000049,22.9899999999999984,20.2800000000000011,27.9200000000000017,'2026-05-10',21);
INSERT INTO cards_price VALUES(55,4.20999999999999996,9,112.310000000000002,10.1400000000000005,89.9800000000000039,49.4900000000000019,39.1300000000000025,'2026-05-10',22);
INSERT INTO cards_price VALUES(56,0.5,2.20999999999999996,96.9500000000000028,3.79999999999999982,3.22999999999999998,6.99000000000000021,4.54000000000000003,'2026-05-10',23);
INSERT INTO cards_price VALUES(57,0.28999999999999998,1,9999,2.08000000000000007,1.58000000000000007,2.6200000000000001,2.85000000000000008,'2026-05-10',24);
INSERT INTO cards_price VALUES(58,0.75,1.82000000000000006,19.5199999999999995,2.75,8.89000000000000056,9.56000000000000049,14.5199999999999995,'2026-05-10',25);
INSERT INTO cards_price VALUES(59,0.400000000000000022,1.20999999999999996,69.9899999999999948,2.43000000000000016,49.9500000000000028,23.6200000000000009,18.2199999999999988,'2026-05-10',26);
INSERT INTO cards_price VALUES(60,0.28999999999999998,0.880000000000000004,96.9500000000000028,1.05000000000000004,0.349999999999999977,1.21999999999999997,1.47999999999999998,'2026-05-10',27);
INSERT INTO cards_price VALUES(61,0.25,0.75,9999,1.59000000000000008,5.25,12.3399999999999998,16.7699999999999995,'2026-05-10',28);
INSERT INTO cards_price VALUES(62,0.299999999999999988,1.18999999999999994,100,1.80000000000000004,30.3200000000000002,16.0799999999999982,45.0300000000000011,'2026-05-10',29);
INSERT INTO cards_price VALUES(63,0.949999999999999955,2,9999,3.50999999999999978,3.66999999999999992,7.44000000000000039,4.91999999999999992,'2026-05-10',30);
INSERT INTO cards_price VALUES(64,0.25,0.75,9999,1.12999999999999989,0.790000000000000035,1.36000000000000009,1.62999999999999989,'2026-05-10',31);
INSERT INTO cards_price VALUES(65,0.400000000000000022,1,9999,1.82000000000000006,8.80000000000000071,14.3699999999999992,15.6699999999999999,'2026-05-10',32);
INSERT INTO cards_price VALUES(66,0.369999999999999995,0.869999999999999995,19.5799999999999982,1.34000000000000008,4.95000000000000017,9.59999999999999964,9.67999999999999971,'2026-05-10',33);
INSERT INTO cards_price VALUES(67,0.149999999999999994,0.650000000000000022,9999,0.989999999999999991,0.489999999999999991,1.31000000000000005,1.02000000000000001,'2026-05-10',34);
INSERT INTO cards_price VALUES(68,0.479999999999999982,1.55000000000000004,96.9500000000000028,3.79999999999999982,6.13999999999999968,3.70000000000000017,3.39999999999999991,'2026-05-10',35);
INSERT INTO cards_price VALUES(69,0.5,1.5,7.99000000000000021,2.49000000000000021,6.99000000000000021,26.3000000000000007,18.1400000000000005,'2026-05-10',36);
INSERT INTO cards_price VALUES(70,0.75,1.64999999999999991,96.9500000000000028,2.79000000000000003,1.96999999999999997,2.97999999999999998,3.83000000000000007,'2026-05-10',37);
INSERT INTO cards_price VALUES(71,0.440000000000000002,1,9999,1.67999999999999993,0.900000000000000022,1.51,2.68999999999999994,'2026-05-10',38);
INSERT INTO cards_price VALUES(72,0.699999999999999955,1.86000000000000009,96.9500000000000028,2.33000000000000007,46.2400000000000019,16.379999999999999,15.6500000000000003,'2026-05-10',39);
INSERT INTO cards_price VALUES(73,0.890000000000000013,1.46999999999999997,59.9900000000000019,2.64999999999999991,19.8999999999999985,10.5500000000000007,17.8399999999999998,'2026-05-10',40);
INSERT INTO cards_price VALUES(74,0.25,0.900000000000000022,19.7600000000000015,1.28000000000000002,0.939999999999999946,2.04000000000000003,1.97999999999999998,'2026-05-10',41);
INSERT INTO cards_price VALUES(75,0.599999999999999977,2.5,39.9900000000000019,3.75,85,36.4799999999999968,25.2800000000000011,'2026-05-10',42);
INSERT INTO cards_price VALUES(76,0.100000000000000005,0.619999999999999995,9999,1.37999999999999989,7.49000000000000021,12.4499999999999992,15.4499999999999992,'2026-05-10',43);
INSERT INTO cards_price VALUES(77,0.5,1.79000000000000003,501.5,3.06999999999999984,0.800000000000000044,20.9600000000000008,7.79000000000000003,'2026-05-10',44);
INSERT INTO cards_price VALUES(78,0.25,0.75,501.5,1.11000000000000009,0.849999999999999977,1.55000000000000004,1.26,'2026-05-10',45);
INSERT INTO cards_price VALUES(79,0.320000000000000006,1.17999999999999993,100,2.31000000000000005,6.5,35.3900000000000005,25.9100000000000001,'2026-05-10',46);
INSERT INTO cards_price VALUES(80,0.130000000000000004,0.5,23,1.06000000000000005,4.84999999999999964,5.16999999999999992,6.15000000000000035,'2026-05-10',47);
INSERT INTO cards_price VALUES(81,0.149999999999999994,0.810000000000000053,44.9900000000000019,1.34000000000000008,1.45999999999999996,1.30000000000000004,1.3899999999999999,'2026-05-10',48);
INSERT INTO cards_price VALUES(82,0.239999999999999991,0.609999999999999986,501.5,0.689999999999999946,3.43000000000000016,9.25,9.36999999999999921,'2026-05-10',49);
INSERT INTO cards_price VALUES(83,0.190000000000000002,0.689999999999999946,501.5,0.959999999999999964,5.79999999999999982,12.3900000000000005,14.6999999999999992,'2026-05-10',50);
INSERT INTO cards_price VALUES(84,0.149999999999999994,0.510000000000000008,9999,0.770000000000000017,3.1200000000000001,1.17999999999999993,0.979999999999999982,'2026-05-10',51);
INSERT INTO cards_price VALUES(85,0.0599999999999999977,0.419999999999999984,501.5,0.510000000000000008,1.39999999999999991,0.739999999999999991,0.760000000000000008,'2026-05-10',52);
INSERT INTO cards_price VALUES(86,0.190000000000000002,0.520000000000000017,9999,0.770000000000000017,2.95000000000000017,14.3000000000000007,6.25,'2026-05-10',53);
INSERT INTO cards_price VALUES(87,0.25,0.680000000000000048,9999,0.910000000000000031,3.93000000000000015,5.90000000000000035,6.74000000000000021,'2026-05-10',54);
INSERT INTO cards_price VALUES(88,0.149999999999999994,0.5,50,0.680000000000000048,1.19999999999999995,1.26,0.989999999999999991,'2026-05-10',55);
INSERT INTO cards_price VALUES(89,0.190000000000000002,0.560000000000000053,501.5,1.03000000000000002,1.43999999999999994,0.989999999999999991,1.22999999999999998,'2026-05-10',56);
INSERT INTO cards_price VALUES(90,0.280000000000000026,0.800000000000000044,2000,1.22999999999999998,23,6.65000000000000035,9.59999999999999964,'2026-05-10',57);
INSERT INTO cards_price VALUES(91,1.25,4.99000000000000021,9999,9.76999999999999957,20,11.83,11.0600000000000004,'2026-05-10',58);
INSERT INTO cards_price VALUES(92,0.100000000000000005,0.530000000000000026,9999,0.719999999999999973,2.49000000000000021,15.2899999999999991,12.6799999999999997,'2026-05-10',59);
INSERT INTO cards_price VALUES(93,0.0100000000000000002,0.450000000000000011,501.5,0.589999999999999968,2.45000000000000017,15.6600000000000001,6.58000000000000007,'2026-05-10',60);
INSERT INTO cards_price VALUES(94,0.140000000000000013,0.510000000000000008,23,0.82999999999999996,2.5,5.20000000000000017,3.60999999999999987,'2026-05-10',61);
INSERT INTO cards_price VALUES(95,0.230000000000000009,0.589999999999999968,44.3999999999999985,0.920000000000000039,1.12999999999999989,1.17999999999999993,1.6200000000000001,'2026-05-10',62);
INSERT INTO cards_price VALUES(96,1.98999999999999999,6.16999999999999992,149.990000000000009,10.5999999999999996,10.75,9.66999999999999993,5.91000000000000014,'2026-05-10',63);
INSERT INTO cards_price VALUES(97,0.179999999999999993,0.589999999999999968,501.5,0.729999999999999982,3.22000000000000019,2.58999999999999985,5.79999999999999982,'2026-05-10',64);
INSERT INTO cards_price VALUES(98,0.100000000000000005,0.5,501.5,0.619999999999999995,1.20999999999999996,0.540000000000000035,0.709999999999999964,'2026-05-10',65);
INSERT INTO cards_price VALUES(99,0.299999999999999988,0.67000000000000004,14.9900000000000002,1.15999999999999992,3.20000000000000017,3.89000000000000012,4.88999999999999968,'2026-05-10',66);
INSERT INTO cards_price VALUES(100,1,3.68999999999999994,19.9899999999999984,4.90000000000000035,1.26,4.87999999999999989,3.14000000000000012,'2026-05-10',67);
INSERT INTO cards_price VALUES(101,0.200000000000000011,0.630000000000000004,79.9899999999999948,0.859999999999999986,2,9.27999999999999936,15.3499999999999996,'2026-05-10',68);
INSERT INTO cards_price VALUES(102,0.190000000000000002,0.5,19.879999999999999,0.569999999999999951,0.709999999999999964,0.930000000000000048,1.17999999999999993,'2026-05-10',69);
CREATE TABLE IF NOT EXISTS "cards_resistance" ("id" integer NOT NULL PRIMARY KEY AUTOINCREMENT, "value" varchar(10) NOT NULL, "card_id" bigint NOT NULL REFERENCES "cards_card" ("id") DEFERRABLE INITIALLY DEFERRED, "type_id" bigint NOT NULL REFERENCES "cards_type" ("id") DEFERRABLE INITIALLY DEFERRED);
INSERT INTO cards_resistance VALUES(21,'-30',3,1);
INSERT INTO cards_resistance VALUES(22,'-30',4,5);
INSERT INTO cards_resistance VALUES(23,'-30',5,1);
INSERT INTO cards_resistance VALUES(24,'-30',6,5);
INSERT INTO cards_resistance VALUES(25,'-30',16,5);
INSERT INTO cards_resistance VALUES(26,'-30',17,5);
INSERT INTO cards_resistance VALUES(27,'-30',18,1);
INSERT INTO cards_resistance VALUES(28,'-30',19,6);
INSERT INTO cards_resistance VALUES(29,'-30',22,5);
INSERT INTO cards_resistance VALUES(30,'-30',26,1);
INSERT INTO cards_resistance VALUES(31,'-30',27,5);
INSERT INTO cards_resistance VALUES(32,'-30',29,5);
INSERT INTO cards_resistance VALUES(33,'-30',39,1);
INSERT INTO cards_resistance VALUES(34,'-30',40,1);
INSERT INTO cards_resistance VALUES(35,'-30',47,6);
INSERT INTO cards_resistance VALUES(36,'-30',48,5);
INSERT INTO cards_resistance VALUES(37,'-30',50,5);
INSERT INTO cards_resistance VALUES(38,'-30',57,5);
INSERT INTO cards_resistance VALUES(39,'-30',61,1);
INSERT INTO cards_resistance VALUES(40,'-30',62,6);
CREATE TABLE IF NOT EXISTS "cards_cardtype" ("id" integer NOT NULL PRIMARY KEY AUTOINCREMENT, "order" integer NOT NULL, "card_id" bigint NOT NULL REFERENCES "cards_card" ("id") DEFERRABLE INITIALLY DEFERRED, "type_id" bigint NOT NULL REFERENCES "cards_type" ("id") DEFERRABLE INITIALLY DEFERRED);
INSERT INTO cards_cardtype VALUES(139,0,1,1);
INSERT INTO cards_cardtype VALUES(140,0,2,2);
INSERT INTO cards_cardtype VALUES(141,0,3,3);
INSERT INTO cards_cardtype VALUES(142,0,4,4);
INSERT INTO cards_cardtype VALUES(143,0,5,3);
INSERT INTO cards_cardtype VALUES(144,0,6,2);
INSERT INTO cards_cardtype VALUES(145,0,7,5);
INSERT INTO cards_cardtype VALUES(146,0,8,5);
INSERT INTO cards_cardtype VALUES(147,0,9,6);
INSERT INTO cards_cardtype VALUES(148,0,10,1);
INSERT INTO cards_cardtype VALUES(149,0,11,7);
INSERT INTO cards_cardtype VALUES(150,0,12,4);
INSERT INTO cards_cardtype VALUES(151,0,13,2);
INSERT INTO cards_cardtype VALUES(152,0,14,6);
INSERT INTO cards_cardtype VALUES(153,0,15,7);
INSERT INTO cards_cardtype VALUES(154,0,16,6);
INSERT INTO cards_cardtype VALUES(155,0,17,7);
INSERT INTO cards_cardtype VALUES(156,0,18,3);
INSERT INTO cards_cardtype VALUES(157,0,19,5);
INSERT INTO cards_cardtype VALUES(158,0,20,6);
INSERT INTO cards_cardtype VALUES(159,0,21,6);
INSERT INTO cards_cardtype VALUES(160,0,22,3);
INSERT INTO cards_cardtype VALUES(161,0,23,4);
INSERT INTO cards_cardtype VALUES(162,0,24,4);
INSERT INTO cards_cardtype VALUES(163,0,25,2);
INSERT INTO cards_cardtype VALUES(164,0,26,3);
INSERT INTO cards_cardtype VALUES(165,0,27,3);
INSERT INTO cards_cardtype VALUES(166,0,28,4);
INSERT INTO cards_cardtype VALUES(167,0,29,1);
INSERT INTO cards_cardtype VALUES(168,0,30,7);
INSERT INTO cards_cardtype VALUES(169,0,31,1);
INSERT INTO cards_cardtype VALUES(170,0,32,1);
INSERT INTO cards_cardtype VALUES(171,0,33,7);
INSERT INTO cards_cardtype VALUES(172,0,34,5);
INSERT INTO cards_cardtype VALUES(173,0,35,2);
INSERT INTO cards_cardtype VALUES(174,0,36,4);
INSERT INTO cards_cardtype VALUES(175,0,37,7);
INSERT INTO cards_cardtype VALUES(176,0,38,2);
INSERT INTO cards_cardtype VALUES(177,0,39,3);
INSERT INTO cards_cardtype VALUES(178,0,40,3);
INSERT INTO cards_cardtype VALUES(179,0,41,2);
INSERT INTO cards_cardtype VALUES(180,0,42,2);
INSERT INTO cards_cardtype VALUES(181,0,43,1);
INSERT INTO cards_cardtype VALUES(182,0,44,7);
INSERT INTO cards_cardtype VALUES(183,0,45,7);
INSERT INTO cards_cardtype VALUES(184,0,46,4);
INSERT INTO cards_cardtype VALUES(185,0,47,5);
INSERT INTO cards_cardtype VALUES(186,0,48,3);
INSERT INTO cards_cardtype VALUES(187,0,49,1);
INSERT INTO cards_cardtype VALUES(188,0,50,1);
INSERT INTO cards_cardtype VALUES(189,0,51,7);
INSERT INTO cards_cardtype VALUES(190,0,52,5);
INSERT INTO cards_cardtype VALUES(191,0,53,6);
INSERT INTO cards_cardtype VALUES(192,0,54,7);
INSERT INTO cards_cardtype VALUES(193,0,55,7);
INSERT INTO cards_cardtype VALUES(194,0,56,5);
INSERT INTO cards_cardtype VALUES(195,0,57,3);
INSERT INTO cards_cardtype VALUES(196,0,58,6);
INSERT INTO cards_cardtype VALUES(197,0,59,2);
INSERT INTO cards_cardtype VALUES(198,0,60,4);
INSERT INTO cards_cardtype VALUES(199,0,61,3);
INSERT INTO cards_cardtype VALUES(200,0,62,5);
INSERT INTO cards_cardtype VALUES(201,0,63,2);
INSERT INTO cards_cardtype VALUES(202,0,64,2);
INSERT INTO cards_cardtype VALUES(203,0,65,2);
INSERT INTO cards_cardtype VALUES(204,0,66,7);
INSERT INTO cards_cardtype VALUES(205,0,67,6);
INSERT INTO cards_cardtype VALUES(206,0,68,4);
INSERT INTO cards_cardtype VALUES(207,0,69,7);
CREATE TABLE IF NOT EXISTS "cards_card" ("id" integer NOT NULL PRIMARY KEY AUTOINCREMENT, "card_id" varchar(50) NOT NULL UNIQUE, "name" varchar(200) NOT NULL, "supertype" varchar(50) NOT NULL, "subtypes" text NOT NULL CHECK ((JSON_VALID("subtypes") OR "subtypes" IS NULL)), "hp" integer NULL, "rarity" varchar(50) NOT NULL, "card_number" varchar(20) NOT NULL, "artist" varchar(200) NOT NULL, "flavor_text" text NOT NULL, "image_small" varchar(200) NOT NULL, "image_large" varchar(200) NOT NULL, "evolves_from" varchar(200) NOT NULL, "retreat_cost" text NOT NULL CHECK ((JSON_VALID("retreat_cost") OR "retreat_cost" IS NULL)), "created_at" datetime NOT NULL, "updated_at" datetime NOT NULL, "card_set_id" bigint NULL REFERENCES "cards_cardset" ("id") DEFERRABLE INITIALLY DEFERRED);
INSERT INTO cards_card VALUES(1,'base1-1','Alakazam','Pokémon','["Stage 2"]',80,'Rare Holo','1','Ken Sugimori','Its brain can outperform a supercomputer. Its intelligence quotient is said to be 5000.','https://images.pokemontcg.io/base1/1.png','https://images.pokemontcg.io/base1/1_hires.png','Kadabra','["Colorless", "Colorless", "Colorless"]','2026-05-10 15:18:40.587501','2026-05-10 15:21:42.320060',1);
INSERT INTO cards_card VALUES(2,'base1-2','Blastoise','Pokémon','["Stage 2"]',100,'Rare Holo','2','Ken Sugimori','A brutal Pokémon with pressurized water jets on its shell. They are used for high-speed tackles.','https://images.pokemontcg.io/base1/2.png','https://images.pokemontcg.io/base1/2_hires.png','Wartortle','["Colorless", "Colorless", "Colorless"]','2026-05-10 15:18:40.598261','2026-05-10 15:21:42.346072',1);
INSERT INTO cards_card VALUES(3,'base1-3','Chansey','Pokémon','["Basic"]',120,'Rare Holo','3','Ken Sugimori','A rare and elusive Pokémon that is said to bring happiness to those who manage to catch it.','https://images.pokemontcg.io/base1/3.png','https://images.pokemontcg.io/base1/3_hires.png','','["Colorless"]','2026-05-10 15:18:40.607066','2026-05-10 15:21:42.365994',1);
INSERT INTO cards_card VALUES(4,'base1-4','Charizard','Pokémon','["Stage 2"]',120,'Rare Holo','4','Mitsuhiro Arita','Spits fire that is hot enough to melt boulders. Known to unintentionally cause forest fires.','https://images.pokemontcg.io/base1/4.png','https://images.pokemontcg.io/base1/4_hires.png','Charmeleon','["Colorless", "Colorless", "Colorless"]','2026-05-10 15:18:40.616149','2026-05-10 15:21:42.393265',1);
INSERT INTO cards_card VALUES(5,'base1-5','Clefairy','Pokémon','["Basic"]',40,'Rare Holo','5','Ken Sugimori','Its magical and cute appeal has many admirers. It is rare and found only in certain areas.','https://images.pokemontcg.io/base1/5.png','https://images.pokemontcg.io/base1/5_hires.png','','["Colorless"]','2026-05-10 15:18:40.625066','2026-05-10 15:21:42.418116',1);
INSERT INTO cards_card VALUES(6,'base1-6','Gyarados','Pokémon','["Stage 1"]',100,'Rare Holo','6','Mitsuhiro Arita','Rarely seen in the wild. Huge and vicious, it is capable of destroying entire cities in a rage.','https://images.pokemontcg.io/base1/6.png','https://images.pokemontcg.io/base1/6_hires.png','Magikarp','["Colorless", "Colorless", "Colorless"]','2026-05-10 15:18:40.632641','2026-05-10 15:21:42.444741',1);
INSERT INTO cards_card VALUES(7,'base1-7','Hitmonchan','Pokémon','["Basic"]',70,'Rare Holo','7','Ken Sugimori','While seeming to do nothing, it fires punches in lightning-fast volleys that are impossible to see.','https://images.pokemontcg.io/base1/7.png','https://images.pokemontcg.io/base1/7_hires.png','','["Colorless", "Colorless"]','2026-05-10 15:18:40.638988','2026-05-10 15:21:42.471186',1);
INSERT INTO cards_card VALUES(8,'base1-8','Machamp','Pokémon','["Stage 2"]',100,'Rare Holo','8','Ken Sugimori','Using its amazing muscles, it throws powerful punches that can knock its victim clear over the horizon.','https://images.pokemontcg.io/base1/8.png','https://images.pokemontcg.io/base1/8_hires.png','Machoke','["Colorless", "Colorless", "Colorless"]','2026-05-10 15:18:40.648798','2026-05-10 15:21:42.493610',1);
INSERT INTO cards_card VALUES(9,'base1-9','Magneton','Pokémon','["Stage 1"]',60,'Rare Holo','9','Keiji Kinebuchi','Formed by several Magnemites linked together. It frequently appears when sunspots flare up.','https://images.pokemontcg.io/base1/9.png','https://images.pokemontcg.io/base1/9_hires.png','Magnemite','["Colorless"]','2026-05-10 15:18:40.655761','2026-05-10 15:21:42.513509',1);
INSERT INTO cards_card VALUES(10,'base1-10','Mewtwo','Pokémon','["Basic"]',60,'Rare Holo','10','Ken Sugimori','A scientist created this Pokémon after years of horrific gene-splicing and DNA engineering experiments.','https://images.pokemontcg.io/base1/10.png','https://images.pokemontcg.io/base1/10_hires.png','','["Colorless", "Colorless", "Colorless"]','2026-05-10 15:18:40.665231','2026-05-10 15:21:42.537020',1);
INSERT INTO cards_card VALUES(11,'base1-11','Nidoking','Pokémon','["Stage 2"]',90,'Rare Holo','11','Ken Sugimori','Uses its powerful tail in battle to smash, constrict, then break its prey''s bones.','https://images.pokemontcg.io/base1/11.png','https://images.pokemontcg.io/base1/11_hires.png','Nidorino','["Colorless", "Colorless", "Colorless"]','2026-05-10 15:18:40.671825','2026-05-10 15:21:42.559372',1);
INSERT INTO cards_card VALUES(12,'base1-12','Ninetales','Pokémon','["Stage 1"]',80,'Rare Holo','12','Ken Sugimori','Very smart and very vengeful. Grabbing one of its many tails could result in a 1,000-year curse.','https://images.pokemontcg.io/base1/12.png','https://images.pokemontcg.io/base1/12_hires.png','Vulpix','["Colorless"]','2026-05-10 15:18:40.681139','2026-05-10 15:21:42.582337',1);
INSERT INTO cards_card VALUES(13,'base1-13','Poliwrath','Pokémon','["Stage 2"]',90,'Rare Holo','13','Ken Sugimori','An adept swimmer at both the front crawl and breaststroke. Easily overtakes the best human swimmers.','https://images.pokemontcg.io/base1/13.png','https://images.pokemontcg.io/base1/13_hires.png','Poliwhirl','["Colorless", "Colorless", "Colorless"]','2026-05-10 15:18:40.688871','2026-05-10 15:21:42.604809',1);
INSERT INTO cards_card VALUES(14,'base1-14','Raichu','Pokémon','["Stage 1"]',80,'Rare Holo','14','Ken Sugimori','Its long tail serves as a ground to protect itself from its own high-voltage power.','https://images.pokemontcg.io/base1/14.png','https://images.pokemontcg.io/base1/14_hires.png','Pikachu','["Colorless"]','2026-05-10 15:18:40.695480','2026-05-10 15:21:42.627462',1);
INSERT INTO cards_card VALUES(15,'base1-15','Venusaur','Pokémon','["Stage 2"]',100,'Rare Holo','15','Mitsuhiro Arita','This plant blooms when it is absorbing solar energy. It stays on the move to seek sunlight.','https://images.pokemontcg.io/base1/15.png','https://images.pokemontcg.io/base1/15_hires.png','Ivysaur','["Colorless", "Colorless"]','2026-05-10 15:18:40.704788','2026-05-10 15:21:42.649616',1);
INSERT INTO cards_card VALUES(16,'base1-16','Zapdos','Pokémon','["Basic"]',90,'Rare Holo','16','Ken Sugimori','A legendary bird Pokémon said to appear from clouds while wielding enormous lightning bolts.','https://images.pokemontcg.io/base1/16.png','https://images.pokemontcg.io/base1/16_hires.png','','["Colorless", "Colorless", "Colorless"]','2026-05-10 15:18:40.714385','2026-05-10 15:21:42.669454',1);
INSERT INTO cards_card VALUES(17,'base1-17','Beedrill','Pokémon','["Stage 2"]',80,'Rare','17','Ken Sugimori','Flies at high speed and attacks using the large, venomous stingers on its forelegs and tail.','https://images.pokemontcg.io/base1/17.png','https://images.pokemontcg.io/base1/17_hires.png','Kakuna','[]','2026-05-10 15:18:40.724232','2026-05-10 15:21:42.691795',1);
INSERT INTO cards_card VALUES(18,'base1-18','Dragonair','Pokémon','["Stage 1"]',80,'Rare','18','Mitsuhiro Arita','A mystical Pokémon that exudes a gentle aura. Has the ability to change climate conditions.','https://images.pokemontcg.io/base1/18.png','https://images.pokemontcg.io/base1/18_hires.png','Dratini','["Colorless", "Colorless"]','2026-05-10 15:18:40.733383','2026-05-10 15:21:42.719400',1);
INSERT INTO cards_card VALUES(19,'base1-19','Dugtrio','Pokémon','["Stage 1"]',70,'Rare','19','Keiji Kinebuchi','A team of Diglett triplets. It triggers huge earthquakes by burrowing 60 miles underground.','https://images.pokemontcg.io/base1/19.png','https://images.pokemontcg.io/base1/19_hires.png','Diglett','["Colorless", "Colorless"]','2026-05-10 15:18:40.740603','2026-05-10 15:21:42.741903',1);
INSERT INTO cards_card VALUES(20,'base1-20','Electabuzz','Pokémon','["Basic"]',70,'Rare','20','Ken Sugimori','Normally found near power plants, it can wander away and cause major blackouts in cities.','https://images.pokemontcg.io/base1/20.png','https://images.pokemontcg.io/base1/20_hires.png','','["Colorless", "Colorless"]','2026-05-10 15:18:40.747983','2026-05-10 15:21:42.768878',1);
INSERT INTO cards_card VALUES(21,'base1-21','Electrode','Pokémon','["Stage 1"]',80,'Rare','21','Keiji Kinebuchi','It stores electrical energy under very high pressure. It often explodes with little or no provocation.','https://images.pokemontcg.io/base1/21.png','https://images.pokemontcg.io/base1/21_hires.png','Voltorb','["Colorless"]','2026-05-10 15:18:40.757044','2026-05-10 15:21:42.791677',1);
INSERT INTO cards_card VALUES(22,'base1-22','Pidgeotto','Pokémon','["Stage 1"]',60,'Rare','22','Ken Sugimori','Very protective of its sprawling territory, this Pokémon will fiercely peck at any intruder.','https://images.pokemontcg.io/base1/22.png','https://images.pokemontcg.io/base1/22_hires.png','Pidgey','["Colorless"]','2026-05-10 15:18:40.764718','2026-05-10 15:21:42.811997',1);
INSERT INTO cards_card VALUES(23,'base1-23','Arcanine','Pokémon','["Stage 1"]',100,'Uncommon','23','Ken Sugimori','A Pokémon that has been long admired for its beauty. It runs gracefully, as if on wings.','https://images.pokemontcg.io/base1/23.png','https://images.pokemontcg.io/base1/23_hires.png','Growlithe','["Colorless", "Colorless", "Colorless"]','2026-05-10 15:18:40.771210','2026-05-10 15:21:42.840424',1);
INSERT INTO cards_card VALUES(24,'base1-24','Charmeleon','Pokémon','["Stage 1"]',80,'Uncommon','24','Mitsuhiro Arita','When it swings its burning tail, it raises the temperature to unbearably high levels.','https://images.pokemontcg.io/base1/24.png','https://images.pokemontcg.io/base1/24_hires.png','Charmander','["Colorless"]','2026-05-10 15:18:40.778671','2026-05-10 15:21:42.863185',1);
INSERT INTO cards_card VALUES(25,'base1-25','Dewgong','Pokémon','["Stage 1"]',80,'Uncommon','25','Mitsuhiro Arita','Stores thermal energy in its body. Swims at a steady 8 knots even in intensely cold waters.','https://images.pokemontcg.io/base1/25.png','https://images.pokemontcg.io/base1/25_hires.png','Seel','["Colorless", "Colorless", "Colorless"]','2026-05-10 15:18:40.785503','2026-05-10 15:21:42.886367',1);
INSERT INTO cards_card VALUES(26,'base1-26','Dratini','Pokémon','["Basic"]',40,'Uncommon','26','Ken Sugimori','Long considered a mythical Pokémon until recently, when a small colony was found living underwater.','https://images.pokemontcg.io/base1/26.png','https://images.pokemontcg.io/base1/26_hires.png','','["Colorless"]','2026-05-10 15:18:40.792151','2026-05-10 15:21:42.909693',1);
INSERT INTO cards_card VALUES(27,'base1-27','Farfetch''d','Pokémon','["Basic"]',50,'Uncommon','27','Ken Sugimori','The sprig of green onions it holds is its weapon. This sprig is used much like a metal sword.','https://images.pokemontcg.io/base1/27.png','https://images.pokemontcg.io/base1/27_hires.png','','["Colorless"]','2026-05-10 15:18:40.798755','2026-05-10 15:21:42.927855',1);
INSERT INTO cards_card VALUES(28,'base1-28','Growlithe','Pokémon','["Basic"]',60,'Uncommon','28','Ken Sugimori','Very protective of its territory. It will bark and bite to repel intruders from its space.','https://images.pokemontcg.io/base1/28.png','https://images.pokemontcg.io/base1/28_hires.png','','["Colorless"]','2026-05-10 15:18:40.805463','2026-05-10 15:21:42.954603',1);
INSERT INTO cards_card VALUES(29,'base1-29','Haunter','Pokémon','["Stage 1"]',60,'Uncommon','29','Keiji Kinebuchi','Because of its ability to slip through block walls, it is said to be from another dimension.','https://images.pokemontcg.io/base1/29.png','https://images.pokemontcg.io/base1/29_hires.png','Gastly','["Colorless"]','2026-05-10 15:18:40.812064','2026-05-10 15:21:42.974082',1);
INSERT INTO cards_card VALUES(30,'base1-30','Ivysaur','Pokémon','["Stage 1"]',60,'Uncommon','30','Ken Sugimori','When the bulb on its back grows large, the Pokémon seems to lose the ability to stand on its hind legs.','https://images.pokemontcg.io/base1/30.png','https://images.pokemontcg.io/base1/30_hires.png','Bulbasaur','["Colorless"]','2026-05-10 15:18:40.818350','2026-05-10 15:21:42.998059',1);
INSERT INTO cards_card VALUES(31,'base1-31','Jynx','Pokémon','["Basic"]',70,'Uncommon','31','Ken Sugimori','Merely by meditating, the Pokémon launches a powerful psychic energy attack.','https://images.pokemontcg.io/base1/31.png','https://images.pokemontcg.io/base1/31_hires.png','','["Colorless", "Colorless"]','2026-05-10 15:18:40.825272','2026-05-10 15:21:43.021685',1);
INSERT INTO cards_card VALUES(32,'base1-32','Kadabra','Pokémon','["Stage 1"]',60,'Uncommon','32','Ken Sugimori','It emits special alpha waves from its body that induce headaches even to those just nearby.','https://images.pokemontcg.io/base1/32.png','https://images.pokemontcg.io/base1/32_hires.png','Abra','["Colorless", "Colorless", "Colorless"]','2026-05-10 15:18:40.832222','2026-05-10 15:21:43.044853',1);
INSERT INTO cards_card VALUES(33,'base1-33','Kakuna','Pokémon','["Stage 1"]',80,'Uncommon','33','Keiji Kinebuchi','Almost incapable of moving, this Pokémon can only harden its shell to protect itself from predators.','https://images.pokemontcg.io/base1/33.png','https://images.pokemontcg.io/base1/33_hires.png','Weedle','["Colorless", "Colorless"]','2026-05-10 15:18:40.838611','2026-05-10 15:21:43.068301',1);
INSERT INTO cards_card VALUES(34,'base1-34','Machoke','Pokémon','["Stage 1"]',80,'Uncommon','34','Ken Sugimori','Its muscular body is so powerful that it must wear a power-save belt to help regulate its motions.','https://images.pokemontcg.io/base1/34.png','https://images.pokemontcg.io/base1/34_hires.png','Machop','["Colorless", "Colorless", "Colorless"]','2026-05-10 15:18:40.845449','2026-05-10 15:21:43.090724',1);
INSERT INTO cards_card VALUES(35,'base1-35','Magikarp','Pokémon','["Basic"]',30,'Uncommon','35','Mitsuhiro Arita','In the distant past, it was stronger than its horribly weak descendants that exist today.','https://images.pokemontcg.io/base1/35.png','https://images.pokemontcg.io/base1/35_hires.png','','["Colorless"]','2026-05-10 15:18:40.852846','2026-05-10 15:21:43.113509',1);
INSERT INTO cards_card VALUES(36,'base1-36','Magmar','Pokémon','["Basic"]',50,'Uncommon','36','Ken Sugimori','Its body always burns with an orange glow that enables it to hide perfectly among flames.','https://images.pokemontcg.io/base1/36.png','https://images.pokemontcg.io/base1/36_hires.png','','["Colorless", "Colorless"]','2026-05-10 15:18:40.859499','2026-05-10 15:21:43.136197',1);
INSERT INTO cards_card VALUES(37,'base1-37','Nidorino','Pokémon','["Stage 1"]',60,'Uncommon','37','Mitsuhiro Arita','An aggressive Pokémon that is quick to attack. The horn on its head secretes a powerful venom.','https://images.pokemontcg.io/base1/37.png','https://images.pokemontcg.io/base1/37_hires.png','Nidoran ♂','["Colorless"]','2026-05-10 15:18:40.865703','2026-05-10 15:21:43.159136',1);
INSERT INTO cards_card VALUES(38,'base1-38','Poliwhirl','Pokémon','["Stage 1"]',60,'Uncommon','38','Ken Sugimori','Capable of living in or out of water. When out of water, it sweats to keep its body slimy.','https://images.pokemontcg.io/base1/38.png','https://images.pokemontcg.io/base1/38_hires.png','Poliwag','["Colorless"]','2026-05-10 15:18:40.872326','2026-05-10 15:21:43.181750',1);
INSERT INTO cards_card VALUES(39,'base1-39','Porygon','Pokémon','["Basic"]',30,'Uncommon','39','Tomoaki Imakuni','A Pokémon that consists entirely of programming code. Capable of moving freely in cyberspace.','https://images.pokemontcg.io/base1/39.png','https://images.pokemontcg.io/base1/39_hires.png','','["Colorless"]','2026-05-10 15:18:40.878760','2026-05-10 15:21:43.204360',1);
INSERT INTO cards_card VALUES(40,'base1-40','Raticate','Pokémon','["Stage 1"]',60,'Uncommon','40','Ken Sugimori','It uses its whiskers to maintain its balance. It seems to slow down if they are cut off.','https://images.pokemontcg.io/base1/40.png','https://images.pokemontcg.io/base1/40_hires.png','Rattata','["Colorless"]','2026-05-10 15:18:40.885031','2026-05-10 15:21:43.232325',1);
INSERT INTO cards_card VALUES(41,'base1-41','Seel','Pokémon','["Basic"]',60,'Uncommon','41','Ken Sugimori','The protruding horn on its head is very hard. This horn is used for bashing through thick ice.','https://images.pokemontcg.io/base1/41.png','https://images.pokemontcg.io/base1/41_hires.png','','["Colorless"]','2026-05-10 15:18:40.891547','2026-05-10 15:21:43.260460',1);
INSERT INTO cards_card VALUES(42,'base1-42','Wartortle','Pokémon','["Stage 1"]',70,'Uncommon','42','Ken Sugimori','Often hides in water to stalk unweary prey. When swimming quickly, it moves its ears to maintain balance.','https://images.pokemontcg.io/base1/42.png','https://images.pokemontcg.io/base1/42_hires.png','Squirtle','["Colorless"]','2026-05-10 15:18:40.898152','2026-05-10 15:21:43.280748',1);
INSERT INTO cards_card VALUES(43,'base1-43','Abra','Pokémon','["Basic"]',30,'Common','43','Mitsuhiro Arita','Using its ability to read minds, it will identify impending danger and teleport to safety.','https://images.pokemontcg.io/base1/43.png','https://images.pokemontcg.io/base1/43_hires.png','','[]','2026-05-10 15:18:40.904602','2026-05-10 15:21:43.303984',1);
INSERT INTO cards_card VALUES(44,'base1-44','Bulbasaur','Pokémon','["Basic"]',40,'Common','44','Mitsuhiro Arita','A strange seed was planted on its back at birth. Thus, a plant sprouted and now grows with this Pokémon.','https://images.pokemontcg.io/base1/44.png','https://images.pokemontcg.io/base1/44_hires.png','','["Colorless"]','2026-05-10 15:18:40.911470','2026-05-10 15:21:43.325025',1);
INSERT INTO cards_card VALUES(45,'base1-45','Caterpie','Pokémon','["Basic"]',40,'Common','45','Ken Sugimori','Its short feet are tipped with suction pads that enable it to tirelessly climb slopes and walls.','https://images.pokemontcg.io/base1/45.png','https://images.pokemontcg.io/base1/45_hires.png','','["Colorless"]','2026-05-10 15:18:40.918317','2026-05-10 15:21:43.346091',1);
INSERT INTO cards_card VALUES(46,'base1-46','Charmander','Pokémon','["Basic"]',50,'Common','46','Mitsuhiro Arita','Obviously prefers hot places. If it gets caught in the rain, steam is said to spout from the tip of its tail.','https://images.pokemontcg.io/base1/46.png','https://images.pokemontcg.io/base1/46_hires.png','','["Colorless"]','2026-05-10 15:18:40.924696','2026-05-10 15:21:43.367016',1);
INSERT INTO cards_card VALUES(47,'base1-47','Diglett','Pokémon','["Basic"]',30,'Common','47','Keiji Kinebuchi','Lives about three feet underground, where it feeds on plant roots. It sometimes appears above ground.','https://images.pokemontcg.io/base1/47.png','https://images.pokemontcg.io/base1/47_hires.png','','[]','2026-05-10 15:18:40.932311','2026-05-10 15:21:43.390567',1);
INSERT INTO cards_card VALUES(48,'base1-48','Doduo','Pokémon','["Basic"]',50,'Common','48','Mitsuhiro Arita','A bird that makes up for its poor flying with its fast foot speed. Leaves giant footprints.','https://images.pokemontcg.io/base1/48.png','https://images.pokemontcg.io/base1/48_hires.png','','[]','2026-05-10 15:18:40.938627','2026-05-10 15:21:43.418909',1);
INSERT INTO cards_card VALUES(49,'base1-49','Drowzee','Pokémon','["Basic"]',50,'Common','49','Ken Sugimori','Puts enemies to sleep, then eats their dreams. Occasionally gets sick from eating bad dreams.','https://images.pokemontcg.io/base1/49.png','https://images.pokemontcg.io/base1/49_hires.png','','["Colorless"]','2026-05-10 15:18:40.945529','2026-05-10 15:21:43.445148',1);
INSERT INTO cards_card VALUES(50,'base1-50','Gastly','Pokémon','["Basic"]',30,'Common','50','Keiji Kinebuchi','Almost invisible, this gaseous Pokémon cloaks the target and puts it to sleep without notice.','https://images.pokemontcg.io/base1/50.png','https://images.pokemontcg.io/base1/50_hires.png','','[]','2026-05-10 15:18:40.951914','2026-05-10 15:21:43.467370',1);
INSERT INTO cards_card VALUES(51,'base1-51','Koffing','Pokémon','["Basic"]',50,'Common','51','Mitsuhiro Arita','Because it stores several kinds of toxic gases in its body, it is prone to exploding without warning.','https://images.pokemontcg.io/base1/51.png','https://images.pokemontcg.io/base1/51_hires.png','','["Colorless"]','2026-05-10 15:18:40.958079','2026-05-10 15:21:43.490370',1);
INSERT INTO cards_card VALUES(52,'base1-52','Machop','Pokémon','["Basic"]',50,'Common','52','Mitsuhiro Arita','Loves to build its muscles. It trains in all styles of martial arts to become even stronger.','https://images.pokemontcg.io/base1/52.png','https://images.pokemontcg.io/base1/52_hires.png','','["Colorless"]','2026-05-10 15:18:40.964575','2026-05-10 15:21:43.511118',1);
INSERT INTO cards_card VALUES(53,'base1-53','Magnemite','Pokémon','["Basic"]',40,'Common','53','Keiji Kinebuchi','Uses anti-gravity to stay suspended. Appears without warning and uses attacks like Thunder Wave.','https://images.pokemontcg.io/base1/53.png','https://images.pokemontcg.io/base1/53_hires.png','','["Colorless"]','2026-05-10 15:18:40.971398','2026-05-10 15:21:43.532493',1);
INSERT INTO cards_card VALUES(54,'base1-54','Metapod','Pokémon','["Stage 1"]',70,'Common','54','Ken Sugimori','It is vulnerable to attack because its shell is soft, exposing its weak and tender body.','https://images.pokemontcg.io/base1/54.png','https://images.pokemontcg.io/base1/54_hires.png','Caterpie','["Colorless", "Colorless"]','2026-05-10 15:18:40.978159','2026-05-10 15:21:43.556124',1);
INSERT INTO cards_card VALUES(55,'base1-55','Nidoran ♂','Pokémon','["Basic"]',40,'Common','55','Ken Sugimori','Stiffens its ears to sense danger. The larger, more powerful of its horns secretes venom.','https://images.pokemontcg.io/base1/55.png','https://images.pokemontcg.io/base1/55_hires.png','','["Colorless"]','2026-05-10 15:18:40.984880','2026-05-10 15:21:43.579516',1);
INSERT INTO cards_card VALUES(56,'base1-56','Onix','Pokémon','["Basic"]',90,'Common','56','Ken Sugimori','As it grows, the stone portions of its body harden to become similar to a diamond, though colored black.','https://images.pokemontcg.io/base1/56.png','https://images.pokemontcg.io/base1/56_hires.png','','["Colorless", "Colorless", "Colorless"]','2026-05-10 15:18:40.991704','2026-05-10 15:21:43.600527',1);
INSERT INTO cards_card VALUES(57,'base1-57','Pidgey','Pokémon','["Basic"]',40,'Common','57','Ken Sugimori','A common sight in forests and woods. It flaps its wings at ground level to kick up blinding sand.','https://images.pokemontcg.io/base1/57.png','https://images.pokemontcg.io/base1/57_hires.png','','["Colorless"]','2026-05-10 15:18:40.998249','2026-05-10 15:21:43.623670',1);
INSERT INTO cards_card VALUES(58,'base1-58','Pikachu','Pokémon','["Basic"]',40,'Common','58','Mitsuhiro Arita','When several of these Pokémon gather, their electricity can cause lightning storms.','https://images.pokemontcg.io/base1/58.png','https://images.pokemontcg.io/base1/58_hires.png','','["Colorless"]','2026-05-10 15:18:41.004868','2026-05-10 15:21:43.649002',1);
INSERT INTO cards_card VALUES(59,'base1-59','Poliwag','Pokémon','["Basic"]',40,'Common','59','Ken Sugimori','Its newly grown legs prevent it from running. It appears to prefer swimming over trying to stand.','https://images.pokemontcg.io/base1/59.png','https://images.pokemontcg.io/base1/59_hires.png','','["Colorless"]','2026-05-10 15:18:41.012072','2026-05-10 15:21:43.672101',1);
INSERT INTO cards_card VALUES(60,'base1-60','Ponyta','Pokémon','["Basic"]',40,'Common','60','Ken Sugimori','Its hooves are 10 times harder than diamonds. It can trample anything flat in moments.','https://images.pokemontcg.io/base1/60.png','https://images.pokemontcg.io/base1/60_hires.png','','["Colorless"]','2026-05-10 15:18:41.018770','2026-05-10 15:21:43.692912',1);
INSERT INTO cards_card VALUES(61,'base1-61','Rattata','Pokémon','["Basic"]',30,'Common','61','Mitsuhiro Arita','Bites anything when it attacks. Small and very quick, it is a common sight in many places.','https://images.pokemontcg.io/base1/61.png','https://images.pokemontcg.io/base1/61_hires.png','','[]','2026-05-10 15:18:41.025437','2026-05-10 15:21:43.716573',1);
INSERT INTO cards_card VALUES(62,'base1-62','Sandshrew','Pokémon','["Basic"]',40,'Common','62','Ken Sugimori','Burrows deep underground in arid locations far from water. It only emerges to hunt for food.','https://images.pokemontcg.io/base1/62.png','https://images.pokemontcg.io/base1/62_hires.png','','["Colorless"]','2026-05-10 15:18:41.032267','2026-05-10 15:21:43.742283',1);
INSERT INTO cards_card VALUES(63,'base1-63','Squirtle','Pokémon','["Basic"]',40,'Common','63','Mitsuhiro Arita','After birth, its back swells and hardens into a shell. It powerfully sprays foam from its mouth.','https://images.pokemontcg.io/base1/63.png','https://images.pokemontcg.io/base1/63_hires.png','','["Colorless"]','2026-05-10 15:18:41.038656','2026-05-10 15:21:43.768723',1);
INSERT INTO cards_card VALUES(64,'base1-64','Starmie','Pokémon','["Stage 1"]',60,'Common','64','Keiji Kinebuchi','Its central core glows with the seven colors of the rainbow. Some people value this core as a gem.','https://images.pokemontcg.io/base1/64.png','https://images.pokemontcg.io/base1/64_hires.png','Staryu','["Colorless"]','2026-05-10 15:18:41.045159','2026-05-10 15:21:43.791989',1);
INSERT INTO cards_card VALUES(65,'base1-65','Staryu','Pokémon','["Basic"]',40,'Common','65','Keiji Kinebuchi','An enigmatic Pokémon that can effortlessly regenerate any appendage it loses in battle.','https://images.pokemontcg.io/base1/65.png','https://images.pokemontcg.io/base1/65_hires.png','','["Colorless"]','2026-05-10 15:18:41.051485','2026-05-10 15:21:43.815262',1);
INSERT INTO cards_card VALUES(66,'base1-66','Tangela','Pokémon','["Basic"]',50,'Common','66','Mitsuhiro Arita','Its whole body is swathed with wide vines that are similar to seaweed. These vines shake as it walks.','https://images.pokemontcg.io/base1/66.png','https://images.pokemontcg.io/base1/66_hires.png','','["Colorless", "Colorless"]','2026-05-10 15:18:41.058117','2026-05-10 15:21:43.836496',1);
INSERT INTO cards_card VALUES(67,'base1-67','Voltorb','Pokémon','["Basic"]',40,'Common','67','Keiji Kinebuchi','Usually found in power plants. Easily mistaken for a Monster Ball, it has zapped many people.','https://images.pokemontcg.io/base1/67.png','https://images.pokemontcg.io/base1/67_hires.png','','["Colorless"]','2026-05-10 15:18:41.064197','2026-05-10 15:21:43.860200',1);
INSERT INTO cards_card VALUES(68,'base1-68','Vulpix','Pokémon','["Basic"]',50,'Common','68','Ken Sugimori','At the time of birth, it has just one tail. Its tail splits from the tip as it grows older.','https://images.pokemontcg.io/base1/68.png','https://images.pokemontcg.io/base1/68_hires.png','','["Colorless"]','2026-05-10 15:18:41.070870','2026-05-10 15:21:43.880663',1);
INSERT INTO cards_card VALUES(69,'base1-69','Weedle','Pokémon','["Basic"]',40,'Common','69','Mitsuhiro Arita','Often found in forests, eating leaves. It has a sharp, venomous stinger on its head.','https://images.pokemontcg.io/base1/69.png','https://images.pokemontcg.io/base1/69_hires.png','','["Colorless"]','2026-05-10 15:18:41.077716','2026-05-10 15:21:43.901407',1);
INSERT INTO cards_card VALUES(70,'base1-70','Clefairy Doll','Trainer','[]',10,'Rare','70','Keiji Kinebuchi','','https://images.pokemontcg.io/base1/70.png','https://images.pokemontcg.io/base1/70_hires.png','','[]','2026-05-10 15:18:41.084758','2026-05-10 15:21:43.922102',1);
INSERT INTO cards_card VALUES(71,'base1-71','Computer Search','Trainer','[]',NULL,'Rare','71','Keiji Kinebuchi','','https://images.pokemontcg.io/base1/71.png','https://images.pokemontcg.io/base1/71_hires.png','','[]','2026-05-10 15:18:41.093363','2026-05-10 15:21:43.927649',1);
INSERT INTO cards_card VALUES(72,'base1-72','Devolution Spray','Trainer','[]',NULL,'Rare','72','Keiji Kinebuchi','','https://images.pokemontcg.io/base1/72.png','https://images.pokemontcg.io/base1/72_hires.png','','[]','2026-05-10 15:18:41.100681','2026-05-10 15:21:43.933102',1);
INSERT INTO cards_card VALUES(73,'base1-73','Impostor Professor Oak','Trainer','[]',NULL,'Rare','73','Ken Sugimori','','https://images.pokemontcg.io/base1/73.png','https://images.pokemontcg.io/base1/73_hires.png','','[]','2026-05-10 15:18:41.107966','2026-05-10 15:21:43.937994',1);
INSERT INTO cards_card VALUES(74,'base1-74','Item Finder','Trainer','[]',NULL,'Rare','74','Keiji Kinebuchi','','https://images.pokemontcg.io/base1/74.png','https://images.pokemontcg.io/base1/74_hires.png','','[]','2026-05-10 15:18:41.115184','2026-05-10 15:21:43.943030',1);
INSERT INTO cards_card VALUES(75,'base1-75','Lass','Trainer','[]',NULL,'Rare','75','Ken Sugimori','','https://images.pokemontcg.io/base1/75.png','https://images.pokemontcg.io/base1/75_hires.png','','[]','2026-05-10 15:18:41.121963','2026-05-10 15:21:43.947817',1);
INSERT INTO cards_card VALUES(76,'base1-76','Pokémon Breeder','Trainer','[]',NULL,'Rare','76','Ken Sugimori','','https://images.pokemontcg.io/base1/76.png','https://images.pokemontcg.io/base1/76_hires.png','','[]','2026-05-10 15:18:41.129259','2026-05-10 15:21:43.952765',1);
INSERT INTO cards_card VALUES(77,'base1-77','Pokémon Trader','Trainer','[]',NULL,'Rare','77','Ken Sugimori','','https://images.pokemontcg.io/base1/77.png','https://images.pokemontcg.io/base1/77_hires.png','','[]','2026-05-10 15:18:41.136661','2026-05-10 15:21:43.957561',1);
INSERT INTO cards_card VALUES(78,'base1-78','Scoop Up','Trainer','[]',NULL,'Rare','78','Keiji Kinebuchi','','https://images.pokemontcg.io/base1/78.png','https://images.pokemontcg.io/base1/78_hires.png','','[]','2026-05-10 15:18:41.143584','2026-05-10 15:21:43.962140',1);
INSERT INTO cards_card VALUES(79,'base1-79','Super Energy Removal','Trainer','[]',NULL,'Rare','79','Keiji Kinebuchi','','https://images.pokemontcg.io/base1/79.png','https://images.pokemontcg.io/base1/79_hires.png','','[]','2026-05-10 15:18:41.150683','2026-05-10 15:21:43.966870',1);
INSERT INTO cards_card VALUES(80,'base1-80','Defender','Trainer','[]',NULL,'Uncommon','80','Keiji Kinebuchi','','https://images.pokemontcg.io/base1/80.png','https://images.pokemontcg.io/base1/80_hires.png','','[]','2026-05-10 15:18:41.157446','2026-05-10 15:21:43.971807',1);
INSERT INTO cards_card VALUES(81,'base1-81','Energy Retrieval','Trainer','[]',NULL,'Uncommon','81','Keiji Kinebuchi','','https://images.pokemontcg.io/base1/81.png','https://images.pokemontcg.io/base1/81_hires.png','','[]','2026-05-10 15:18:41.164485','2026-05-10 15:21:43.976828',1);
INSERT INTO cards_card VALUES(82,'base1-82','Full Heal','Trainer','[]',NULL,'Uncommon','82','Keiji Kinebuchi','','https://images.pokemontcg.io/base1/82.png','https://images.pokemontcg.io/base1/82_hires.png','','[]','2026-05-10 15:18:41.171310','2026-05-10 15:21:43.981705',1);
INSERT INTO cards_card VALUES(83,'base1-83','Maintenance','Trainer','[]',NULL,'Uncommon','83','Keiji Kinebuchi','','https://images.pokemontcg.io/base1/83.png','https://images.pokemontcg.io/base1/83_hires.png','','[]','2026-05-10 15:18:41.178614','2026-05-10 15:21:43.986619',1);
INSERT INTO cards_card VALUES(84,'base1-84','PlusPower','Trainer','[]',NULL,'Uncommon','84','Keiji Kinebuchi','','https://images.pokemontcg.io/base1/84.png','https://images.pokemontcg.io/base1/84_hires.png','','[]','2026-05-10 15:18:41.186220','2026-05-10 15:21:43.990997',1);
INSERT INTO cards_card VALUES(85,'base1-85','Pokémon Center','Trainer','[]',NULL,'Uncommon','85','Keiji Kinebuchi','','https://images.pokemontcg.io/base1/85.png','https://images.pokemontcg.io/base1/85_hires.png','','[]','2026-05-10 15:18:41.193485','2026-05-10 15:21:43.995982',1);
INSERT INTO cards_card VALUES(86,'base1-86','Pokémon Flute','Trainer','[]',NULL,'Uncommon','86','Keiji Kinebuchi','','https://images.pokemontcg.io/base1/86.png','https://images.pokemontcg.io/base1/86_hires.png','','[]','2026-05-10 15:18:41.200822','2026-05-10 15:21:44.000785',1);
INSERT INTO cards_card VALUES(87,'base1-87','Pokédex','Trainer','[]',NULL,'Uncommon','87','Keiji Kinebuchi','','https://images.pokemontcg.io/base1/87.png','https://images.pokemontcg.io/base1/87_hires.png','','[]','2026-05-10 15:18:41.208524','2026-05-10 15:21:44.005731',1);
INSERT INTO cards_card VALUES(88,'base1-88','Professor Oak','Trainer','[]',NULL,'Uncommon','88','Ken Sugimori','','https://images.pokemontcg.io/base1/88.png','https://images.pokemontcg.io/base1/88_hires.png','','[]','2026-05-10 15:18:41.215544','2026-05-10 15:21:44.010257',1);
INSERT INTO cards_card VALUES(89,'base1-89','Revive','Trainer','[]',NULL,'Uncommon','89','Keiji Kinebuchi','','https://images.pokemontcg.io/base1/89.png','https://images.pokemontcg.io/base1/89_hires.png','','[]','2026-05-10 15:18:41.223208','2026-05-10 15:21:44.015076',1);
INSERT INTO cards_card VALUES(90,'base1-90','Super Potion','Trainer','[]',NULL,'Uncommon','90','Keiji Kinebuchi','','https://images.pokemontcg.io/base1/90.png','https://images.pokemontcg.io/base1/90_hires.png','','[]','2026-05-10 15:18:41.230764','2026-05-10 15:21:44.020008',1);
INSERT INTO cards_card VALUES(91,'base1-91','Bill','Trainer','[]',NULL,'Common','91','Ken Sugimori','','https://images.pokemontcg.io/base1/91.png','https://images.pokemontcg.io/base1/91_hires.png','','[]','2026-05-10 15:18:41.237814','2026-05-10 15:21:44.025050',1);
INSERT INTO cards_card VALUES(92,'base1-92','Energy Removal','Trainer','[]',NULL,'Common','92','Keiji Kinebuchi','','https://images.pokemontcg.io/base1/92.png','https://images.pokemontcg.io/base1/92_hires.png','','[]','2026-05-10 15:18:41.244714','2026-05-10 15:21:44.029974',1);
INSERT INTO cards_card VALUES(93,'base1-93','Gust of Wind','Trainer','[]',NULL,'Common','93','Keiji Kinebuchi','','https://images.pokemontcg.io/base1/93.png','https://images.pokemontcg.io/base1/93_hires.png','','[]','2026-05-10 15:18:41.252411','2026-05-10 15:21:44.034894',1);
INSERT INTO cards_card VALUES(94,'base1-94','Potion','Trainer','[]',NULL,'Common','94','Keiji Kinebuchi','','https://images.pokemontcg.io/base1/94.png','https://images.pokemontcg.io/base1/94_hires.png','','[]','2026-05-10 15:18:41.259819','2026-05-10 15:21:44.039804',1);
INSERT INTO cards_card VALUES(96,'base1-96','Double Colorless Energy','Energy','["Special"]',NULL,'Uncommon','96','Keiji Kinebuchi','','https://images.pokemontcg.io/base1/96.png','https://images.pokemontcg.io/base1/96_hires.png','','[]','2026-05-10 15:18:41.278274','2026-05-10 15:21:44.049250',1);
INSERT INTO cards_card VALUES(97,'base1-97','Fighting Energy','Energy','["Basic"]',NULL,'','97','Keiji Kinebuchi','','https://images.pokemontcg.io/base1/97.png','https://images.pokemontcg.io/base1/97_hires.png','','[]','2026-05-10 15:18:41.285895','2026-05-10 15:21:44.054037',1);
INSERT INTO cards_card VALUES(98,'base1-98','Fire Energy','Energy','["Basic"]',NULL,'','98','Keiji Kinebuchi','','https://images.pokemontcg.io/base1/98.png','https://images.pokemontcg.io/base1/98_hires.png','','[]','2026-05-10 15:18:41.293067','2026-05-10 15:21:44.059124',1);
INSERT INTO cards_card VALUES(99,'base1-99','Grass Energy','Energy','["Basic"]',NULL,'','99','Keiji Kinebuchi','','https://images.pokemontcg.io/base1/99.png','https://images.pokemontcg.io/base1/99_hires.png','','[]','2026-05-10 15:18:41.300143','2026-05-10 15:21:44.063565',1);
INSERT INTO cards_card VALUES(100,'base1-100','Lightning Energy','Energy','["Basic"]',NULL,'','100','Keiji Kinebuchi','','https://images.pokemontcg.io/base1/100.png','https://images.pokemontcg.io/base1/100_hires.png','','[]','2026-05-10 15:18:41.307097','2026-05-10 15:21:44.068299',1);
INSERT INTO cards_card VALUES(101,'base1-101','Psychic Energy','Energy','["Basic"]',NULL,'','101','Keiji Kinebuchi','','https://images.pokemontcg.io/base1/101.png','https://images.pokemontcg.io/base1/101_hires.png','','[]','2026-05-10 15:18:41.314590','2026-05-10 15:21:44.073122',1);
INSERT INTO cards_card VALUES(102,'base1-102','Water Energy','Energy','["Basic"]',NULL,'','102','Keiji Kinebuchi','','https://images.pokemontcg.io/base1/102.png','https://images.pokemontcg.io/base1/102_hires.png','','[]','2026-05-10 15:18:41.321788','2026-05-10 15:21:44.077679',1);
CREATE TABLE IF NOT EXISTS "cards_weakness" ("id" integer NOT NULL PRIMARY KEY AUTOINCREMENT, "value" varchar(10) NOT NULL, "card_id" bigint NOT NULL REFERENCES "cards_card" ("id") DEFERRABLE INITIALLY DEFERRED, "type_id" bigint NOT NULL REFERENCES "cards_type" ("id") DEFERRABLE INITIALLY DEFERRED);
INSERT INTO cards_weakness VALUES(65,'×2',1,1);
INSERT INTO cards_weakness VALUES(66,'×2',2,6);
INSERT INTO cards_weakness VALUES(67,'×2',3,5);
INSERT INTO cards_weakness VALUES(68,'×2',4,2);
INSERT INTO cards_weakness VALUES(69,'×2',5,5);
INSERT INTO cards_weakness VALUES(70,'×2',6,7);
INSERT INTO cards_weakness VALUES(71,'×2',7,1);
INSERT INTO cards_weakness VALUES(72,'×2',8,1);
INSERT INTO cards_weakness VALUES(73,'×2',9,5);
INSERT INTO cards_weakness VALUES(74,'×2',10,1);
INSERT INTO cards_weakness VALUES(75,'×2',11,1);
INSERT INTO cards_weakness VALUES(76,'×2',12,2);
INSERT INTO cards_weakness VALUES(77,'×2',13,7);
INSERT INTO cards_weakness VALUES(78,'×2',14,5);
INSERT INTO cards_weakness VALUES(79,'×2',15,4);
INSERT INTO cards_weakness VALUES(80,'×2',17,4);
INSERT INTO cards_weakness VALUES(81,'×2',19,7);
INSERT INTO cards_weakness VALUES(82,'×2',20,5);
INSERT INTO cards_weakness VALUES(83,'×2',21,5);
INSERT INTO cards_weakness VALUES(84,'×2',22,6);
INSERT INTO cards_weakness VALUES(85,'×2',23,2);
INSERT INTO cards_weakness VALUES(86,'×2',24,2);
INSERT INTO cards_weakness VALUES(87,'×2',25,6);
INSERT INTO cards_weakness VALUES(88,'×2',27,6);
INSERT INTO cards_weakness VALUES(89,'×2',28,2);
INSERT INTO cards_weakness VALUES(90,'×2',30,4);
INSERT INTO cards_weakness VALUES(91,'×2',31,1);
INSERT INTO cards_weakness VALUES(92,'×2',32,1);
INSERT INTO cards_weakness VALUES(93,'×2',33,4);
INSERT INTO cards_weakness VALUES(94,'×2',34,1);
INSERT INTO cards_weakness VALUES(95,'×2',35,6);
INSERT INTO cards_weakness VALUES(96,'×2',36,2);
INSERT INTO cards_weakness VALUES(97,'×2',37,1);
INSERT INTO cards_weakness VALUES(98,'×2',38,7);
INSERT INTO cards_weakness VALUES(99,'×2',39,5);
INSERT INTO cards_weakness VALUES(100,'×2',40,5);
INSERT INTO cards_weakness VALUES(101,'×2',41,6);
INSERT INTO cards_weakness VALUES(102,'×2',42,6);
INSERT INTO cards_weakness VALUES(103,'×2',43,1);
INSERT INTO cards_weakness VALUES(104,'×2',44,4);
INSERT INTO cards_weakness VALUES(105,'×2',45,4);
INSERT INTO cards_weakness VALUES(106,'×2',46,2);
INSERT INTO cards_weakness VALUES(107,'×2',47,7);
INSERT INTO cards_weakness VALUES(108,'×2',48,6);
INSERT INTO cards_weakness VALUES(109,'×2',49,1);
INSERT INTO cards_weakness VALUES(110,'×2',51,1);
INSERT INTO cards_weakness VALUES(111,'×2',52,1);
INSERT INTO cards_weakness VALUES(112,'×2',53,5);
INSERT INTO cards_weakness VALUES(113,'×2',54,4);
INSERT INTO cards_weakness VALUES(114,'×2',55,1);
INSERT INTO cards_weakness VALUES(115,'×2',56,7);
INSERT INTO cards_weakness VALUES(116,'×2',57,6);
INSERT INTO cards_weakness VALUES(117,'×2',58,5);
INSERT INTO cards_weakness VALUES(118,'×2',59,7);
INSERT INTO cards_weakness VALUES(119,'×2',60,2);
INSERT INTO cards_weakness VALUES(120,'×2',61,5);
INSERT INTO cards_weakness VALUES(121,'×2',62,7);
INSERT INTO cards_weakness VALUES(122,'×2',63,6);
INSERT INTO cards_weakness VALUES(123,'×2',64,6);
INSERT INTO cards_weakness VALUES(124,'×2',65,6);
INSERT INTO cards_weakness VALUES(125,'×2',66,4);
INSERT INTO cards_weakness VALUES(126,'×2',67,5);
INSERT INTO cards_weakness VALUES(127,'×2',68,2);
INSERT INTO cards_weakness VALUES(128,'×2',69,4);
CREATE TABLE IF NOT EXISTS "django_session" ("session_key" varchar(40) NOT NULL PRIMARY KEY, "session_data" text NOT NULL, "expire_date" datetime NOT NULL);
INSERT INTO django_session VALUES('tvr7kxel8f4fqhzezssq5ajj0iszyb1a','.eJxVjDsOwjAQBe_iGlle2-CEkj5nsPYHDiBHipMKcXeIlALaNzPvZTKuS8lr0zmPYs4GzOF3I-SH1g3IHettsjzVZR7JbordabPDJPq87O7fQcFWvnUHV88RQJzoETkmjq4PPnWBfEohMjoQgOAdkwZicHSiHlATklMV8_4A0M03_Q:1wMKYC:zwJwYMvRRoN7ljcVCic1l9yH8YsCEMNWdWJXVJKMRZ4','2026-05-25 06:55:36.850795');
CREATE TABLE IF NOT EXISTS "cards_attack" ("id" integer NOT NULL PRIMARY KEY AUTOINCREMENT, "name" varchar(200) NOT NULL, "converted_cost" integer NOT NULL, "cost" text NOT NULL CHECK ((JSON_VALID("cost") OR "cost" IS NULL)), "description" text NOT NULL, "order" integer NOT NULL, "card_id" bigint NOT NULL REFERENCES "cards_card" ("id") DEFERRABLE INITIALLY DEFERRED, "damage" varchar(20) NOT NULL);
INSERT INTO cards_attack VALUES(115,'Confuse Ray',3,'["Psychic", "Psychic", "Psychic"]','Flip a coin. If heads, the Defending Pokémon is now Confused.',0,1,'30');
INSERT INTO cards_attack VALUES(116,'Hydro Pump',3,'["Water", "Water", "Water"]','Does 40 damage plus 10 more damage for each Water Energy attached to Blastoise but not used to pay for this attack''s Energy cost. Extra Water Energy after the 2nd doesn''t count.',0,2,'40+');
INSERT INTO cards_attack VALUES(117,'Scrunch',2,'["Colorless", "Colorless"]','Flip a coin. If heads, prevent all damage done to Chansey during your opponent''s next turn. (Any other effects of attacks still happen.)',0,3,'');
INSERT INTO cards_attack VALUES(118,'Double-edge',4,'["Colorless", "Colorless", "Colorless", "Colorless"]','Chansey does 80 damage to itself.',1,3,'80');
INSERT INTO cards_attack VALUES(119,'Fire Spin',4,'["Fire", "Fire", "Fire", "Fire"]','Discard 2 Energy cards attached to Charizard in order to use this attack.',0,4,'100');
INSERT INTO cards_attack VALUES(120,'Sing',1,'["Colorless"]','Flip a coin. If heads, the Defending Pokémon is now Asleep.',0,5,'');
INSERT INTO cards_attack VALUES(121,'Metronome',3,'["Colorless", "Colorless", "Colorless"]','Choose 1 of the Defending Pokémon''s attacks. Metronome copies that attack except for its Energy costs and anything else required in order to use that attack, such as discarding Energy cards. (No matter what type the Defending Pokémon is, Clefairy''s type is still Colorless.)',1,5,'');
INSERT INTO cards_attack VALUES(122,'Dragon Rage',3,'["Water", "Water", "Water"]','',0,6,'50');
INSERT INTO cards_attack VALUES(123,'Bubblebeam',4,'["Water", "Water", "Water", "Water"]','Flip a coin. If heads, the Defending Pokémon is now Paralyzed.',1,6,'40');
INSERT INTO cards_attack VALUES(124,'Jab',1,'["Fighting"]','',0,7,'20');
INSERT INTO cards_attack VALUES(125,'Special Punch',3,'["Fighting", "Fighting", "Colorless"]','',1,7,'40');
INSERT INTO cards_attack VALUES(126,'Seismic Toss',4,'["Fighting", "Fighting", "Fighting", "Colorless"]','',0,8,'60');
INSERT INTO cards_attack VALUES(127,'Thunder Wave',3,'["Lightning", "Lightning", "Colorless"]','Flip a coin. If heads, the Defending Pokémon is now Paralyzed.',0,9,'30');
INSERT INTO cards_attack VALUES(128,'Selfdestruct',4,'["Lightning", "Lightning", "Colorless", "Colorless"]','Does 20 damage to each Pokémon on each player''s Bench. (Don''t apply Weakness and Resistance for Benched Pokémon.) Magneton does 80 damage to itself.',1,9,'80');
INSERT INTO cards_attack VALUES(129,'Psychic',2,'["Psychic", "Colorless"]','Does 10 damage plus 10 more damage for each Energy card attached to the Defending Pokémon.',0,10,'10+');
INSERT INTO cards_attack VALUES(130,'Barrier',2,'["Psychic", "Psychic"]','Discard 1 Psychic Energy card attached to Mewtwo in order to prevent all effects of attacks, including damage, done to Mewtwo during your opponent''s next turn.',1,10,'');
INSERT INTO cards_attack VALUES(131,'Thrash',3,'["Grass", "Colorless", "Colorless"]','Flip a coin. If heads, this attack does 30 damage plus 10 more damage; if tails, this attack does 30 damage and Nidoking does 10 damage to itself.',0,11,'30+');
INSERT INTO cards_attack VALUES(132,'Toxic',3,'["Grass", "Grass", "Grass"]','The Defending Pokémon is now Poisoned. It now takes 20 Poison damage instead of 10 after each player''s turn (even if it was already Poisoned).',1,11,'20');
INSERT INTO cards_attack VALUES(133,'Lure',2,'["Colorless", "Colorless"]','If your opponent has any Benched Pokémon, choose 1 of them and switch it with his or her Active Pokémon.',0,12,'');
INSERT INTO cards_attack VALUES(134,'Fire Blast',4,'["Fire", "Fire", "Fire", "Fire"]','Discard 1 Fire Energy card attached to Ninetales in order to use this attack.',1,12,'80');
INSERT INTO cards_attack VALUES(135,'Water Gun',3,'["Water", "Water", "Colorless"]','Does 30 damage plus 10 more damage for each Water Energy attached to Poliwrath but not used to pay for this attack''s Energy cost. Extra Water Energy after the 2nd doesn''t count.',0,13,'30+');
INSERT INTO cards_attack VALUES(136,'Whirlpool',4,'["Water", "Water", "Colorless", "Colorless"]','If the Defending Pokémon has any Energy cards attached to it, choose 1 of them and discard it.',1,13,'40');
INSERT INTO cards_attack VALUES(137,'Agility',3,'["Lightning", "Colorless", "Colorless"]','Flip a coin. If heads, during your opponent''s next turn, prevent all effects of attacks, including damage, done to Raichu.',0,14,'20');
INSERT INTO cards_attack VALUES(138,'Thunder',4,'["Lightning", "Lightning", "Lightning", "Colorless"]','Flip a coin. If tails, Raichu does 30 damage to itself.',1,14,'60');
INSERT INTO cards_attack VALUES(139,'Solarbeam',4,'["Grass", "Grass", "Grass", "Grass"]','',0,15,'60');
INSERT INTO cards_attack VALUES(140,'Thunder',4,'["Lightning", "Lightning", "Lightning", "Colorless"]','Flip a coin. If tails, Zapdos does 30 damage to itself.',0,16,'60');
INSERT INTO cards_attack VALUES(141,'Thunderbolt',4,'["Lightning", "Lightning", "Lightning", "Lightning"]','Discard all Energy cards attached to Zapdos in order to use this attack.',1,16,'100');
INSERT INTO cards_attack VALUES(142,'Twineedle',3,'["Colorless", "Colorless", "Colorless"]','Flip 2 coins. This attack does 30 damage times the number of heads.',0,17,'30×');
INSERT INTO cards_attack VALUES(143,'Poison Sting',3,'["Grass", "Grass", "Grass"]','Flip a coin. If heads, the Defending Pokémon is now Poisoned.',1,17,'40');
INSERT INTO cards_attack VALUES(144,'Slam',3,'["Colorless", "Colorless", "Colorless"]','Flip 2 coins. This attack does 30 damage times the number of heads.',0,18,'30×');
INSERT INTO cards_attack VALUES(145,'Hyper Beam',4,'["Colorless", "Colorless", "Colorless", "Colorless"]','If the Defending Pokémon has any Energy cards attached to it, choose 1 of them and discard it.',1,18,'20');
INSERT INTO cards_attack VALUES(146,'Slash',3,'["Fighting", "Fighting", "Colorless"]','',0,19,'40');
INSERT INTO cards_attack VALUES(147,'Earthquake',4,'["Fighting", "Fighting", "Fighting", "Fighting"]','Does 10 damage to each of your own Benched Pokémon. (Don''t apply Weakness and Resistance for Benched Pokémon.)',1,19,'70');
INSERT INTO cards_attack VALUES(148,'Thundershock',1,'["Lightning"]','Flip a coin. If heads, the Defending Pokémon is now Paralyzed.',0,20,'10');
INSERT INTO cards_attack VALUES(149,'Thunderpunch',2,'["Lightning", "Colorless"]','Flip a coin. If heads, this attack does 30 damage plus 10 more damage; if tails, this attack does 30 damage plus Electabuzz does 10 damage to itself.',1,20,'30+');
INSERT INTO cards_attack VALUES(150,'Electric Shock',3,'["Lightning", "Lightning", "Lightning"]','Flip a coin. If tails, Electrode does 10 damage to itself.',0,21,'50');
INSERT INTO cards_attack VALUES(151,'Whirlwind',2,'["Colorless", "Colorless"]','If your opponent has any Benched Pokémon, he or she chooses 1 of them and switches it with the Defending Pokémon. (Do the damage before switching the Pokémon.)',0,22,'20');
INSERT INTO cards_attack VALUES(152,'Mirror Move',3,'["Colorless", "Colorless", "Colorless"]','If Pidgeotto was attacked last turn, do the final result of that attack on Pidgeotto to the Defending Pokémon.',1,22,'');
INSERT INTO cards_attack VALUES(153,'Flamethrower',3,'["Fire", "Fire", "Colorless"]','Discard 1 Fire Energy card attached to Arcanine in order to use this attack.',0,23,'50');
INSERT INTO cards_attack VALUES(154,'Take Down',4,'["Fire", "Fire", "Colorless", "Colorless"]','Arcanine does 30 damage to itself.',1,23,'80');
INSERT INTO cards_attack VALUES(155,'Slash',3,'["Colorless", "Colorless", "Colorless"]','',0,24,'30');
INSERT INTO cards_attack VALUES(156,'Flamethrower',3,'["Fire", "Fire", "Colorless"]','Discard 1 Fire Energy card attached to Charmeleon in order to use this attack.',1,24,'50');
INSERT INTO cards_attack VALUES(157,'Aurora Beam',3,'["Water", "Water", "Colorless"]','',0,25,'50');
INSERT INTO cards_attack VALUES(158,'Ice Beam',4,'["Water", "Water", "Colorless", "Colorless"]','Flip a coin. If heads, the Defending Pokémon is now Paralyzed.',1,25,'30');
INSERT INTO cards_attack VALUES(159,'Pound',1,'["Colorless"]','',0,26,'10');
INSERT INTO cards_attack VALUES(160,'Leek Slap',1,'["Colorless"]','Flip a coin. If tails, this attack does nothing. Either way, you can''t use this attack again as long as Farfetch''d stays in play (even putting Farfetch''d on the Bench won''t let you use it again).',0,27,'30');
INSERT INTO cards_attack VALUES(161,'Pot Smash',3,'["Colorless", "Colorless", "Colorless"]','',1,27,'30');
INSERT INTO cards_attack VALUES(162,'Flare',2,'["Fire", "Colorless"]','',0,28,'20');
INSERT INTO cards_attack VALUES(163,'Hypnosis',1,'["Psychic"]','The Defending Pokémon is now Asleep.',0,29,'');
INSERT INTO cards_attack VALUES(164,'Dream Eater',2,'["Psychic", "Psychic"]','You can''t use this attack unless the Defending Pokémon is Asleep.',1,29,'50');
INSERT INTO cards_attack VALUES(165,'Vine Whip',3,'["Grass", "Colorless", "Colorless"]','',0,30,'30');
INSERT INTO cards_attack VALUES(166,'Poisonpowder',3,'["Grass", "Grass", "Grass"]','The Defending Pokémon is now Poisoned.',1,30,'20');
INSERT INTO cards_attack VALUES(167,'Doubleslap',1,'["Psychic"]','Flip 2 coins. This attack does 10 damage times the number of heads.',0,31,'10×');
INSERT INTO cards_attack VALUES(168,'Meditate',3,'["Psychic", "Psychic", "Colorless"]','Does 20 damage plus 10 more damage for each damage counter on the Defending Pokémon.',1,31,'20+');
INSERT INTO cards_attack VALUES(169,'Recover',2,'["Psychic", "Psychic"]','Discard 1 Psychic Energy card attached to Kadabra in order to use this attack. Remove all damage counters from Kadabra.',0,32,'');
INSERT INTO cards_attack VALUES(170,'Super Psy',3,'["Psychic", "Psychic", "Colorless"]','',1,32,'50');
INSERT INTO cards_attack VALUES(171,'Stiffen',2,'["Colorless", "Colorless"]','Flip a coin. If heads, prevent all damage done to Kakuna during your opponent''s next turn. (Any other effects of attacks still happen.)',0,33,'');
INSERT INTO cards_attack VALUES(172,'Poisonpowder',2,'["Grass", "Grass"]','Flip a coin. If heads, the Defending Pokémon is now Poisoned.',1,33,'20');
INSERT INTO cards_attack VALUES(173,'Karate Chop',3,'["Fighting", "Fighting", "Colorless"]','Does 50 damage minus 10 damage for each damage counter on Machoke.',0,34,'50-');
INSERT INTO cards_attack VALUES(174,'Submission',4,'["Fighting", "Fighting", "Colorless", "Colorless"]','Machoke does 20 damage to itself.',1,34,'60');
INSERT INTO cards_attack VALUES(175,'Tackle',1,'["Colorless"]','',0,35,'10');
INSERT INTO cards_attack VALUES(176,'Flail',1,'["Water"]','Does 10 damage times the number of damage counters on Magikarp.',1,35,'10×');
INSERT INTO cards_attack VALUES(177,'Fire Punch',2,'["Fire", "Fire"]','',0,36,'30');
INSERT INTO cards_attack VALUES(178,'Flamethrower',3,'["Fire", "Fire", "Colorless"]','Discard 1 Fire Energy card attached to Magmar in order to use this attack.',1,36,'50');
INSERT INTO cards_attack VALUES(179,'Double Kick',3,'["Grass", "Colorless", "Colorless"]','Flip 2 coins. This attack does 30 damage times the number of heads.',0,37,'30×');
INSERT INTO cards_attack VALUES(180,'Horn Drill',4,'["Grass", "Grass", "Colorless", "Colorless"]','',1,37,'50');
INSERT INTO cards_attack VALUES(181,'Amnesia',2,'["Water", "Water"]','Choose 1 of the Defending Pokémon''s attacks. That Pokémon can''t use that attack during your opponent''s next turn.',0,38,'');
INSERT INTO cards_attack VALUES(182,'Doubleslap',3,'["Water", "Water", "Colorless"]','Flip 2 coins. This attack does 30 damage times the number of heads.',1,38,'30×');
INSERT INTO cards_attack VALUES(183,'Conversion 1',1,'["Colorless"]','If the Defending Pokémon has a Weakness, you may change it to a type of your choice other than Colorless.',0,39,'');
INSERT INTO cards_attack VALUES(184,'Conversion 2',2,'["Colorless", "Colorless"]','Change Porygon''s Resistance to a type of your choice other than Colorless.',1,39,'');
INSERT INTO cards_attack VALUES(185,'Bite',1,'["Colorless"]','',0,40,'20');
INSERT INTO cards_attack VALUES(186,'Super Fang',3,'["Colorless", "Colorless", "Colorless"]','Does damage to the Defending Pokémon equal to half the Defending Pokémon''s remaining HP (rounded up to the nearest 10).',1,40,'');
INSERT INTO cards_attack VALUES(187,'Headbutt',1,'["Water"]','',0,41,'10');
INSERT INTO cards_attack VALUES(188,'Withdraw',2,'["Water", "Colorless"]','Flip a coin. If heads, prevent all damage done to Wartortle during your opponent''s next turn. (Any other effects of attacks still happen.)',0,42,'');
INSERT INTO cards_attack VALUES(189,'Bite',3,'["Water", "Colorless", "Colorless"]','',1,42,'40');
INSERT INTO cards_attack VALUES(190,'Psyshock',1,'["Psychic"]','Flip a coin. If heads, the Defending Pokémon is now Paralyzed.',0,43,'10');
INSERT INTO cards_attack VALUES(191,'Leech Seed',2,'["Grass", "Grass"]','Unless all damage from this attack is prevented, you may remove 1 damage counter from Bulbasaur.',0,44,'20');
INSERT INTO cards_attack VALUES(192,'String Shot',1,'["Grass"]','Flip a coin. If heads, the Defending Pokémon is now Paralyzed.',0,45,'10');
INSERT INTO cards_attack VALUES(193,'Scratch',1,'["Colorless"]','',0,46,'10');
INSERT INTO cards_attack VALUES(194,'Ember',2,'["Fire", "Colorless"]','Discard 1 Fire Energy card attached to Charmander in order to use this attack.',1,46,'30');
INSERT INTO cards_attack VALUES(195,'Dig',1,'["Fighting"]','',0,47,'10');
INSERT INTO cards_attack VALUES(196,'Mud Slap',2,'["Fighting", "Fighting"]','',1,47,'30');
INSERT INTO cards_attack VALUES(197,'Fury Attack',1,'["Colorless"]','Flip 2 coins. This attack does 10 damage times the number of heads.',0,48,'10×');
INSERT INTO cards_attack VALUES(198,'Pound',1,'["Colorless"]','',0,49,'10');
INSERT INTO cards_attack VALUES(199,'Confuse Ray',2,'["Psychic", "Psychic"]','Flip a coin. If heads, the Defending Pokémon is now Confused.',1,49,'10');
INSERT INTO cards_attack VALUES(200,'Sleeping Gas',1,'["Psychic"]','Flip a coin. If heads, the Defending Pokémon is now Asleep.',0,50,'');
INSERT INTO cards_attack VALUES(201,'Destiny Bond',2,'["Psychic", "Colorless"]','Discard 1 Psychic Energy card attached to Gastly in order to use this attack. If a Pokémon Knocks Out Gastly during your opponent''s next turn, Knock Out that Pokémon.',1,50,'');
INSERT INTO cards_attack VALUES(202,'Foul Gas',2,'["Grass", "Grass"]','Flip a coin. If heads, the Defending Pokémon is now Poisoned; if tails, it is now Confused.',0,51,'10');
INSERT INTO cards_attack VALUES(203,'Low Kick',1,'["Fighting"]','',0,52,'20');
INSERT INTO cards_attack VALUES(204,'Thunder Wave',1,'["Lightning"]','Flip a coin. If heads, the Defending Pokémon is now Paralyzed.',0,53,'10');
INSERT INTO cards_attack VALUES(205,'Selfdestruct',2,'["Lightning", "Colorless"]','Does 10 damage to each Pokémon on each player''s Bench. (Don''t apply Weakness and Resistance for Benched Pokémon.) Magnemite does 40 damage to itself.',1,53,'40');
INSERT INTO cards_attack VALUES(206,'Stiffen',2,'["Colorless", "Colorless"]','Flip a coin. If heads, prevent all damage done to Metapod during your opponent''s next turn. (Any other effects of attacks still happen.)',0,54,'');
INSERT INTO cards_attack VALUES(207,'Stun Spore',2,'["Grass", "Grass"]','Flip a coin. If heads, the Defending Pokémon is now Paralyzed.',1,54,'20');
INSERT INTO cards_attack VALUES(208,'Horn Hazard',1,'["Grass"]','Flip a coin. If tails, this attack does nothing.',0,55,'30');
INSERT INTO cards_attack VALUES(209,'Rock Throw',1,'["Fighting"]','',0,56,'10');
INSERT INTO cards_attack VALUES(210,'Harden',2,'["Fighting", "Fighting"]','During your opponent''s next turn, whenever 30 or less damage is done to Onix (after applying Weakness and Resistance), prevent that damage. (Any other effects of attacks still happen.)',1,56,'');
INSERT INTO cards_attack VALUES(211,'Whirlwind',2,'["Colorless", "Colorless"]','If your opponent has any Benched Pokémon, he or she chooses 1 of them and switches it with the Defending Pokémon. (Do the damage before switching the Pokémon.)',0,57,'10');
INSERT INTO cards_attack VALUES(212,'Gnaw',1,'["Colorless"]','',0,58,'10');
INSERT INTO cards_attack VALUES(213,'Thunder Jolt',2,'["Lightning", "Colorless"]','Flip a coin. If tails, Pikachu does 10 damage to itself.',1,58,'30');
INSERT INTO cards_attack VALUES(214,'Water Gun',1,'["Water"]','Does 10 damage plus 10 more damage for each Water Energy attached to Poliwag but not used to pay for this attack''s Energy cost. Extra Water Energy after the 2nd don''t count.',0,59,'10+');
INSERT INTO cards_attack VALUES(215,'Smash Kick',2,'["Colorless", "Colorless"]','',0,60,'20');
INSERT INTO cards_attack VALUES(216,'Flame Tail',2,'["Fire", "Fire"]','',1,60,'30');
INSERT INTO cards_attack VALUES(217,'Bite',1,'["Colorless"]','',0,61,'20');
INSERT INTO cards_attack VALUES(218,'Sand-attack',1,'["Fighting"]','If the Defending Pokémon tries to attack during your opponent''s next turn, your opponent flips a coin. If tails, that attack does nothing.',0,62,'10');
INSERT INTO cards_attack VALUES(219,'Bubble',1,'["Water"]','Flip a coin. If heads, the Defending Pokémon is now Paralyzed.',0,63,'10');
INSERT INTO cards_attack VALUES(220,'Withdraw',2,'["Water", "Colorless"]','Flip a coin. If heads, prevent all damage done to Squirtle during your opponent''s next turn. (Any other effects of attacks still happen.)',1,63,'');
INSERT INTO cards_attack VALUES(221,'Recover',2,'["Water", "Water"]','Discard 1 Water Energy card attached to Starmie in order to use this attack. Remove all damage counters from Starmie.',0,64,'');
INSERT INTO cards_attack VALUES(222,'Star Freeze',3,'["Water", "Colorless", "Colorless"]','Flip a coin. If heads, the Defending Pokémon is now Paralyzed.',1,64,'20');
INSERT INTO cards_attack VALUES(223,'Slap',1,'["Water"]','',0,65,'20');
INSERT INTO cards_attack VALUES(224,'Bind',2,'["Grass", "Colorless"]','Flip a coin. If heads, the Defending Pokémon is now Paralyzed.',0,66,'20');
INSERT INTO cards_attack VALUES(225,'Poisonpowder',3,'["Grass", "Grass", "Grass"]','The Defending Pokémon is now Poisoned.',1,66,'20');
INSERT INTO cards_attack VALUES(226,'Tackle',1,'["Colorless"]','',0,67,'10');
INSERT INTO cards_attack VALUES(227,'Confuse Ray',2,'["Fire", "Fire"]','Flip a coin. If heads, the Defending Pokémon is now Confused.',0,68,'10');
INSERT INTO cards_attack VALUES(228,'Poison Sting',1,'["Grass"]','Flip a coin. If heads, the Defending Pokémon is now Poisoned.',0,69,'10');
DELETE FROM sqlite_sequence;
INSERT INTO sqlite_sequence VALUES('django_migrations',20);
INSERT INTO sqlite_sequence VALUES('django_admin_log',0);
INSERT INTO sqlite_sequence VALUES('django_content_type',14);
INSERT INTO sqlite_sequence VALUES('auth_permission',56);
INSERT INTO sqlite_sequence VALUES('auth_group',0);
INSERT INTO sqlite_sequence VALUES('auth_user',1);
INSERT INTO sqlite_sequence VALUES('cards_card',102);
INSERT INTO sqlite_sequence VALUES('cards_cardset',1);
INSERT INTO sqlite_sequence VALUES('cards_type',7);
INSERT INTO sqlite_sequence VALUES('cards_cardtype',207);
INSERT INTO sqlite_sequence VALUES('cards_price',102);
INSERT INTO sqlite_sequence VALUES('cards_attack',228);
INSERT INTO sqlite_sequence VALUES('cards_weakness',128);
INSERT INTO sqlite_sequence VALUES('cards_resistance',40);
CREATE UNIQUE INDEX "auth_group_permissions_group_id_permission_id_0cd325b0_uniq" ON "auth_group_permissions" ("group_id", "permission_id");
CREATE INDEX "auth_group_permissions_group_id_b120cbf9" ON "auth_group_permissions" ("group_id");
CREATE INDEX "auth_group_permissions_permission_id_84c5c92e" ON "auth_group_permissions" ("permission_id");
CREATE UNIQUE INDEX "auth_user_groups_user_id_group_id_94350c0c_uniq" ON "auth_user_groups" ("user_id", "group_id");
CREATE INDEX "auth_user_groups_user_id_6a12ed8b" ON "auth_user_groups" ("user_id");
CREATE INDEX "auth_user_groups_group_id_97559544" ON "auth_user_groups" ("group_id");
CREATE UNIQUE INDEX "auth_user_user_permissions_user_id_permission_id_14a6b632_uniq" ON "auth_user_user_permissions" ("user_id", "permission_id");
CREATE INDEX "auth_user_user_permissions_user_id_a95ead1b" ON "auth_user_user_permissions" ("user_id");
CREATE INDEX "auth_user_user_permissions_permission_id_1fbb5f2c" ON "auth_user_user_permissions" ("permission_id");
CREATE INDEX "django_admin_log_content_type_id_c4bce8eb" ON "django_admin_log" ("content_type_id");
CREATE INDEX "django_admin_log_user_id_c564eba6" ON "django_admin_log" ("user_id");
CREATE UNIQUE INDEX "django_content_type_app_label_model_76bd3d3b_uniq" ON "django_content_type" ("app_label", "model");
CREATE UNIQUE INDEX "auth_permission_content_type_id_codename_01ab375a_uniq" ON "auth_permission" ("content_type_id", "codename");
CREATE INDEX "auth_permission_content_type_id_2f476e4b" ON "auth_permission" ("content_type_id");
CREATE INDEX "cards_price_card_id_ba33e89e" ON "cards_price" ("card_id");
CREATE INDEX "cards_resistance_card_id_9dcc7e18" ON "cards_resistance" ("card_id");
CREATE INDEX "cards_resistance_type_id_3fe71728" ON "cards_resistance" ("type_id");
CREATE UNIQUE INDEX "cards_cardtype_card_id_type_id_e94b6616_uniq" ON "cards_cardtype" ("card_id", "type_id");
CREATE INDEX "cards_cardtype_card_id_dec53a15" ON "cards_cardtype" ("card_id");
CREATE INDEX "cards_cardtype_type_id_21e445aa" ON "cards_cardtype" ("type_id");
CREATE INDEX "cards_card_name_1a0b1bc1" ON "cards_card" ("name");
CREATE INDEX "cards_card_rarity_804237fe" ON "cards_card" ("rarity");
CREATE INDEX "cards_card_card_set_id_ccb3301b" ON "cards_card" ("card_set_id");
CREATE INDEX "cards_card_name_56d24c_idx" ON "cards_card" ("name", "rarity");
CREATE INDEX "cards_weakness_card_id_6231cf4a" ON "cards_weakness" ("card_id");
CREATE INDEX "cards_weakness_type_id_1aa43be1" ON "cards_weakness" ("type_id");
CREATE INDEX "django_session_expire_date_a5c62663" ON "django_session" ("expire_date");
CREATE INDEX "cards_attack_card_id_4f4ef5ed" ON "cards_attack" ("card_id");
COMMIT;
